AudioMoth ES ID Number,Latitude,Longitude,Eclipse Type,Coverage Percent,FirstContactDate,FirstContactTimeUTC,SecondContactTimeUTC,ThirdContactTimeUTC,FourthContactTimeUTC,TotalEclipseTimeUTC,Notes,Successful,Needs split
0,0,0,None,0,2024-04-08,NaN:NaN,0,0,NaN:NaN,19:50:44,Failed Deployment,NO,
1,34.53804,-93.03621,Total,100,2024-04-08,17:31:56,18:49:24,18:53:05,20:10:10,18:51:15,Good deployment,YES,YES
2,41.2124,-81.5759,Total,100,2024-04-08,17:59:07,19:13:53,19:17:12,20:28:57,19:15:32,Failed on the 8th,NO,YES
3,0,0,None,0,2024-04-08,NaN:NaN,0,0,NaN:NaN,19:50:44,No Files,NO,
4,29.4195767,-99.6087549,Total,100,2024-04-08,17:12:47,18:30:12,18:34:31,19:53:48,18:32:21,Failed Deployment,NO,NO
5,0,0,None,0,2024-04-08,NaN:NaN,0,0,NaN:NaN,19:50:44,No Files,NO,
6,0,0,None,0,2024-04-08,NaN:NaN,0,0,NaN:NaN,19:50:44,No Files,NO,
7,0,0,None,0,2024-04-08,NaN:NaN,0,0,NaN:NaN,19:50:44,No Files,NO,
8,0,0,None,0,2024-04-08,NaN:NaN,0,0,NaN:NaN,19:50:44,No Files,NO,
9,0,0,None,0,2024-04-08,NaN:NaN,0,0,NaN:NaN,19:50:44,No Files,NO,
10,0,0,None,0,2024-04-08,NaN:NaN,0,0,NaN:NaN,19:50:44,No Files,NO,
11,0,0,None,0,2024-04-08,NaN:NaN,0,0,NaN:NaN,19:50:44,No Files,NO,
12,37.464196,-89.77532,Total,100,2024-04-08,17:41:40,18:58:01,19:02:09,20:17:09,19:00:05,Good deployment,YES,YES
13,0,0,None,0,2024-04-08,NaN:NaN,0,0,NaN:NaN,19:50:44,1970s,NO,YES
14,45.515893,-122.587539,Partial,22.32,2024-04-08,17:33:39,0,0,19:19:51,18:25:50,March dates,NO,YES
15,34.51126,-93.06024,Total,100,2024-04-08,17:31:51,18:49:20,18:53:00,20:10:06,18:51:10,Good deployment,YES,YES
16,33.709684,-95.4926622,Total,100,2024-04-08,17:26:48,18:44:04,18:48:04,20:05:37,18:46:04,Failed Deployment,NO,NO
17,0,0,None,0,2024-04-08,NaN:NaN,0,0,NaN:NaN,19:50:44,No Files,NO,
18,0,0,None,0,2024-04-08,NaN:NaN,0,0,NaN:NaN,19:50:44,No Files,NO,
19,0,0,None,0,2024-04-08,NaN:NaN,0,0,NaN:NaN,19:50:44,No Files,NO,
20,0,0,None,0,2024-04-08,NaN:NaN,0,0,NaN:NaN,19:50:44,No Files,NO,
21,0,0,None,0,2024-04-08,NaN:NaN,0,0,NaN:NaN,19:50:44,No Files,NO,
22,0,0,None,0,2024-04-08,NaN:NaN,0,0,NaN:NaN,19:50:44,No Files,NO,
23,33.2436226,-97.1486084,Partial,99.89,2024-04-08,17:23:35,0,0,20:02:31,18:42:41,No Files,NO,
24,0,0,None,0,2024-04-08,NaN:NaN,0,0,NaN:NaN,19:50:44,No Files,NO,
25,0,0,None,0,2024-04-08,NaN:NaN,0,0,NaN:NaN,19:50:44,No Files,NO,
26,0,0,None,0,2024-04-08,NaN:NaN,0,0,NaN:NaN,19:50:44,No Files,NO,
27,0,0,None,0,2024-04-08,NaN:NaN,0,0,NaN:NaN,19:50:44,No Files,NO,
28,0,0,None,0,2024-04-08,NaN:NaN,0,0,NaN:NaN,19:50:44,No Files,NO,
29,0,0,None,0,2024-04-08,NaN:NaN,0,0,NaN:NaN,19:50:44,No Files,NO,
30,0,0,None,0,2024-04-08,NaN:NaN,0,0,NaN:NaN,19:50:44,No Files,NO,
31,0,0,None,0,2024-04-08,NaN:NaN,0,0,NaN:NaN,19:50:44,No Files,NO,
32,0,0,None,0,2024-04-08,NaN:NaN,0,0,NaN:NaN,19:50:44,No Files,NO,
33,0,0,None,0,2024-04-08,NaN:NaN,0,0,NaN:NaN,19:50:44,No Files,NO,
34,34.0027,-118.25613,Partial,48.89,2024-04-08,17:05:58,0,0,19:21:58,18:12:08,Good deployment,YES,YES
35,0,0,None,0,2024-04-08,NaN:NaN,0,0,NaN:NaN,19:50:44,No Files,NO,
36,0,0,None,0,2024-04-08,NaN:NaN,0,0,NaN:NaN,19:50:44,No Files,NO,
37,0,0,None,0,2024-04-08,NaN:NaN,0,0,NaN:NaN,19:50:44,No Files,NO,
38,0,0,None,0,2024-04-08,NaN:NaN,0,0,NaN:NaN,19:50:44,No Files,NO,
39,0,0,None,0,2024-04-08,NaN:NaN,0,0,NaN:NaN,19:50:44,No Files,NO,
40,0,0,None,0,2024-04-08,NaN:NaN,0,0,NaN:NaN,19:50:44,No Files,NO,
41,0,0,None,0,2024-04-08,NaN:NaN,0,0,NaN:NaN,19:50:44,No Files,NO,
42,0,0,None,0,2024-04-08,NaN:NaN,0,0,NaN:NaN,19:50:44,No Files,NO,
43,0,0,None,0,2024-04-08,NaN:NaN,0,0,NaN:NaN,19:50:44,No Files,NO,
44,0,0,None,0,2024-04-08,NaN:NaN,0,0,NaN:NaN,19:50:44,No Files,NO,
45,0,0,None,0,2024-04-08,NaN:NaN,0,0,NaN:NaN,19:50:44,No Files,NO,
46,0,0,None,0,2024-04-08,NaN:NaN,0,0,NaN:NaN,19:50:44,No Files,NO,
47,41.67554,-81.21315,Total,100,2024-04-08,18:00:10,19:14:27,19:18:13,20:29:27,19:16:20,No Files,NO,
48,0,0,None,0,2024-04-08,NaN:NaN,0,0,NaN:NaN,19:50:44,No Files,NO,
49,0,0,None,0,2024-04-08,NaN:NaN,0,0,NaN:NaN,19:50:44,No Files,NO,
50,0,0,None,0,2024-04-08,NaN:NaN,0,0,NaN:NaN,19:50:44,No Files,NO,
51,0,0,None,0,2024-04-08,NaN:NaN,0,0,NaN:NaN,19:50:44,No Files,NO,
52,0,0,None,0,2024-04-08,NaN:NaN,0,0,NaN:NaN,19:50:44,No Files,NO,
53,29.52436,-98.58079,Total,100,2024-04-08,17:14:28,18:33:19,18:35:12,19:55:38,18:34:15,Good deployment,YES,YES
54,0,0,None,0,2024-04-08,NaN:NaN,0,0,NaN:NaN,19:50:44,No Files,NO,
55,35.98343,-92.86608,Total,100,2024-04-08,17:34:39,18:51:51,18:55:03,20:11:41,18:53:27,Failed on the 8th,NO,YES
56,0,0,None,0,2024-04-08,NaN:NaN,0,0,NaN:NaN,19:50:44,No Files,NO,
57,0,0,None,0,2024-04-08,NaN:NaN,0,0,NaN:NaN,19:50:44,No Files,NO,
58,0,0,None,0,2024-04-08,NaN:NaN,0,0,NaN:NaN,19:50:44,No Files,NO,
59,0,0,None,0,2024-04-08,NaN:NaN,0,0,NaN:NaN,19:50:44,No Files,NO,
60,0,0,None,0,2024-04-08,NaN:NaN,0,0,NaN:NaN,19:50:44,No Files,NO,
61,0,0,None,0,2024-04-08,NaN:NaN,0,0,NaN:NaN,19:50:44,No Files,NO,
62,0,0,None,0,2024-04-08,NaN:NaN,0,0,NaN:NaN,19:50:44,No Files,NO,
63,0,0,None,0,2024-04-08,NaN:NaN,0,0,NaN:NaN,19:50:44,No Files,NO,
64,34.3943196,-92.8361688,Total,100,2024-04-08,17:32:00,18:50:00,18:52:45,20:10:19,18:51:22,Failed Deployment,NO,NO
65,0,0,None,0,2024-04-08,NaN:NaN,0,0,NaN:NaN,19:50:44,No Files,NO,
66,0,0,None,0,2024-04-08,NaN:NaN,0,0,NaN:NaN,19:50:44,No Files,NO,
67,0,0,None,0,2024-04-08,NaN:NaN,0,0,NaN:NaN,19:50:44,No Files,NO,
68,0,0,None,0,2024-04-08,NaN:NaN,0,0,NaN:NaN,19:50:44,Good deployment,YES,YES
69,0,0,None,0,2024-04-08,NaN:NaN,0,0,NaN:NaN,19:50:44,No Files,NO,
70,0,0,None,0,2024-04-08,NaN:NaN,0,0,NaN:NaN,19:50:44,No Files,NO,
71,32.8984253,-96.9337889,Total,100,2024-04-08,17:23:14,18:40:53,18:44:07,20:02:29,18:42:30,1970s,NO,YES
72,0,0,None,0,2024-04-08,NaN:NaN,0,0,NaN:NaN,19:50:44,No Files,NO,
73,36.8,-90.4,Total,100,2024-04-08,17:39:41,18:56:16,19:00:25,20:15:50,18:58:21,Good deployment,YES,YES
74,0,0,None,0,2024-04-08,NaN:NaN,0,0,NaN:NaN,19:50:44,No Files,NO,
75,0,0,None,0,2024-04-08,NaN:NaN,0,0,NaN:NaN,19:50:44,No Files,NO,
76,0,0,None,0,2024-04-08,NaN:NaN,0,0,NaN:NaN,19:50:44,No Files,NO,
77,0,0,None,0,2024-04-08,NaN:NaN,0,0,NaN:NaN,19:50:44,No Files,NO,
78,44.74256,-72.58918,Total,100,2024-04-08,18:15:10,19:26:45,19:30:06,20:37:43,19:28:26,Good deployment,YES,NO
79,40.42048,-86.00942,Total,100,2024-04-08,17:51:34,19:07:45,19:09:34,20:23:33,19:08:40,No Files,NO,
80,0,0,None,0,2024-04-08,NaN:NaN,0,0,NaN:NaN,19:50:44,No Files,NO,
81,0,0,None,0,2024-04-08,NaN:NaN,0,0,NaN:NaN,19:50:44,No Files,NO,
82,0,0,None,0,2024-04-08,NaN:NaN,0,0,NaN:NaN,19:50:44,No Files,NO,
83,0,0,None,0,2024-04-08,NaN:NaN,0,0,NaN:NaN,19:50:44,No Files,NO,
84,45.053473,-71.390429,Total,100,2024-04-08,18:16:59,19:28:12,19:31:27,20:38:38,19:29:50,No Files,NO,
85,0,0,None,0,2024-04-08,NaN:NaN,0,0,NaN:NaN,19:50:44,No Files,NO,
86,0,0,None,0,2024-04-08,NaN:NaN,0,0,NaN:NaN,19:50:44,No Files,NO,
87,0,0,None,0,2024-04-08,NaN:NaN,0,0,NaN:NaN,19:50:44,No Files,NO,
88,45.051337,-71.347422,Total,100,2024-04-08,18:17:02,19:28:15,19:31:29,20:38:40,19:29:53,No Files,NO,
89,42.12702,-80.08697,Total,100,2024-04-08,18:02:19,19:16:16,19:19:59,20:30:44,19:18:08,Good deployment,YES,YES
90,0,0,None,0,2024-04-08,NaN:NaN,0,0,NaN:NaN,19:50:44,No Files,NO,
91,0,0,None,0,2024-04-08,NaN:NaN,0,0,NaN:NaN,19:50:44,No Files,NO,
92,42.000989,-80.439561,Total,100,2024-04-08,18:01:40,19:15:43,19:19:27,20:30:21,19:17:35,Failed on the 8th,NO,YES
93,0,0,None,0,2024-04-08,NaN:NaN,0,0,NaN:NaN,19:50:44,No Files,NO,
94,0,0,None,0,2024-04-08,NaN:NaN,0,0,NaN:NaN,19:50:44,No Files,NO,
95,0,0,None,0,2024-04-08,NaN:NaN,0,0,NaN:NaN,19:50:44,No Files,NO,
96,40.9226,-83.98505,Total,100,2024-04-08,17:55:11,19:10:07,19:13:48,20:26:09,19:11:58,Good deployment,YES,YES
97,0,0,None,0,2024-04-08,NaN:NaN,0,0,NaN:NaN,19:50:44,No Files,NO,
98,33.89,-94.7515,Total,100,2024-04-08,17:28:13,18:45:23,18:49:42,20:06:57,18:47:33,1970s,NO,YES
99,41.2753704,-82.2342006,Total,100,2024-04-08,17:58:12,19:12:44,19:16:36,20:28:15,19:14:40,No Files,NO,
100,0,0,None,0,2024-04-08,NaN:NaN,0,0,NaN:NaN,19:50:44,No Files,NO,
101,0,0,None,0,2024-04-08,NaN:NaN,0,0,NaN:NaN,19:50:44,No Files,NO,
102,37.8664,-90.531098,Total,100,2024-04-08,17:41:11,18:58:43,19:00:01,20:16:22,18:59:22,1970s,NO,YES
103,43.79568,-72.18011,Partial,98.89,2024-04-08,18:15:10,0,0,20:38:10,19:28:43,Good deployment,YES,YES
104,0,0,None,0,2024-04-08,NaN:NaN,0,0,NaN:NaN,19:50:44,No Files,NO,
105,29.620494,-99.528884,Total,100,2024-04-08,17:13:17,18:30:39,18:35:02,19:54:12,18:32:50,Good deployment,YES,NO
106,0,0,None,0,2024-04-08,NaN:NaN,0,0,NaN:NaN,19:50:44,No Files,NO,
107,0,0,None,0,2024-04-08,NaN:NaN,0,0,NaN:NaN,19:50:44,No Files,NO,
108,42.866523,-78.667772,Total,100,2024-04-08,18:05:07,19:18:30,19:22:15,20:32:16,19:20:23,Good deployment,YES,YES
109,0,0,None,0,2024-04-08,NaN:NaN,0,0,NaN:NaN,19:50:44,No Files,NO,
110,0,0,None,0,2024-04-08,NaN:NaN,0,0,NaN:NaN,19:50:44,No Files,NO,
111,0,0,None,0,2024-04-08,NaN:NaN,0,0,NaN:NaN,19:50:44,No Files,NO,
112,0,0,None,0,2024-04-08,NaN:NaN,0,0,NaN:NaN,19:50:44,No Files,NO,
113,0,0,None,0,2024-04-08,NaN:NaN,0,0,NaN:NaN,19:50:44,No Files,NO,
114,0,0,None,0,2024-04-08,NaN:NaN,0,0,NaN:NaN,19:50:44,No Files,NO,
115,39.93902,-86.26903,Total,100,2024-04-08,17:50:32,19:06:11,19:09:32,20:23:02,19:07:52,Good deployment,YES,YES
116,0,0,None,0,2024-04-08,NaN:NaN,0,0,NaN:NaN,19:50:44,No Files,NO,
117,32.725876,-114.61021,Partial,59.64,2024-04-08,17:04:53,0,0,19:28:45,18:14:57,Good deployment,YES,YES
118,34.947778,-81.933056,Partial,81.23,2024-04-08,17:51:40,0,0,20:24:56,19:09:49,Good deployment,YES,YES
119,41.883889,-87.912778,Partial,93.31,2024-04-08,17:51:00,0,0,20:21:34,19:07:12,Good deployment,YES,YES
120A,38.48651,-89.85468,Partial,99.84,2024-04-08,17:43:09,0,0,20:17:40,19:01:06,1970s,NO,YES
120,31.053038,-97.640924,Total,100,2024-04-08,17:18:45,18:36:20,18:40:28,19:59:11,18:38:24,Good deployment,YES,YES
121,32.833662,-97.272222,Total,100,2024-04-08,17:22:38,18:40:42,18:42:59,20:01:53,18:41:51,Good deployment,YES,YES
122,25.50617936,-80.43085617,Partial,45.81,2024-04-08,17:46:47,0,0,20:12:27,19:00:56,Good deployment,YES,YES
123A,135,-61.3,None,0,2024-04-08,NaN:NaN,0,0,NaN:NaN,17:46:49,No Files,NO,
123,38.97196,-77.54668,Partial,88.43,2024-04-08,18:03:22,0,0,20:32:22,19:19:45,No Files,NO,
124,30.351576,-99.270759,Total,100,2024-04-08,17:15:04,18:32:23,18:36:40,19:55:37,18:34:31,Failed Deployment,NO,NO
125,40.491146,-74.445,Partial,89.66,2024-04-08,18:09:39,0,0,20:35:51,19:24:49,No Files,NO,
126,0,0,None,0,2024-04-08,NaN:NaN,0,0,NaN:NaN,19:50:44,No Files,NO,
127,0,0,None,0,2024-04-08,NaN:NaN,0,0,NaN:NaN,19:50:44,No Files,NO,
128,0,0,None,0,2024-04-08,NaN:NaN,0,0,NaN:NaN,19:50:44,No Files,NO,
129,0,0,None,0,2024-04-08,NaN:NaN,0,0,NaN:NaN,19:50:44,No Files,NO,
130,0,0,None,0,2024-04-08,NaN:NaN,0,0,NaN:NaN,19:50:44,No Files,NO,
131,0,0,None,0,2024-04-08,NaN:NaN,0,0,NaN:NaN,19:50:44,No Files,NO,
132,0,0,None,0,2024-04-08,NaN:NaN,0,0,NaN:NaN,19:50:44,No Files,NO,
133,32.977989,-111.517212,Partial,66.38,2024-04-08,17:07:37,0,0,19:35:35,18:19:54,No Files,NO,
134,35.61292,-93.83612,Total,100,2024-04-08,17:32:36,18:50:42,18:52:08,20:09:56,18:51:25,Good deployment,YES,YES
135,0,0,None,0,2024-04-08,NaN:NaN,0,0,NaN:NaN,19:50:44,No Files,NO,
136,27.670518,-97.32774,Partial,93.06,2024-04-08,17:12:57,0,0,19:54:55,18:33:09,Good deployment,YES,YES
137,44.02991,-92.84913,Partial,77.57,2024-04-08,17:48:25,0,0,20:15:11,19:02:15,No Files,NO,
138,34.56449,-92.3477,Total,100,2024-04-08,17:33:02,18:51:38,18:53:10,20:11:12,18:52:24,Good deployment,YES,YES
139,35.43789,-97.51955,Partial,93.62,2024-04-08,17:27:14,0,0,20:04:01,18:45:21,Good deployment,YES,YES
140,0,0,None,0,2024-04-08,NaN:NaN,0,0,NaN:NaN,19:50:44,No Files,NO,
141,0,0,None,0,2024-04-08,NaN:NaN,0,0,NaN:NaN,19:50:44,No Files,NO,
142,0,0,None,0,2024-04-08,NaN:NaN,0,0,NaN:NaN,19:50:44,No Files,NO,
143,0,0,None,0,2024-04-08,NaN:NaN,0,0,NaN:NaN,19:50:44,No Files,NO,
144,41.55425,-72.6633606,Partial,91.39,2024-04-08,18:13:08,0,0,20:37:39,19:27:31,Good deployment,YES,YES
145,39.78128,-104.8407,Partial,65.32,2024-04-08,17:28:18,0,0,19:54:12,18:40:32,1970s,NO,YES
146,32.82625,-97.18712,Total,100,2024-04-08,17:22:44,18:40:38,18:43:19,20:02:00,18:41:58,Good deployment,YES,YES
147,32.04413,-106.62485,Partial,80.73,2024-04-08,17:09:46,0,0,19:44:25,18:25:39,Good deployment,YES,YES
148,0,0,None,0,2024-04-08,NaN:NaN,0,0,NaN:NaN,19:50:44,No Files,NO,
149,29.3465422,-99.13989529,Total,100,2024-04-08,17:13:19,18:31:18,18:34:43,19:54:28,18:33:01,Good deployment,YES,YES
150,0,0,None,0,2024-04-08,NaN:NaN,0,0,NaN:NaN,19:50:44,No Files,NO,
151,27.4726593,-99.4748946,Partial,97.89,2024-04-08,17:09:14,0,0,19:51:09,18:29:08,1970s,NO,YES
152,0,0,None,0,2024-04-08,NaN:NaN,0,0,NaN:NaN,19:50:44,No Files,NO,
153,0,0,None,0,2024-04-08,NaN:NaN,0,0,NaN:NaN,19:50:44,No Files,NO,
154,0,0,None,0,2024-04-08,NaN:NaN,0,0,NaN:NaN,19:50:44,No Files,NO,
155,0,0,None,0,2024-04-08,NaN:NaN,0,0,NaN:NaN,19:50:44,No Files,NO,
156,0,0,None,0,2024-04-08,NaN:NaN,0,0,NaN:NaN,19:50:44,No Files,NO,
157,0,0,None,0,2024-04-08,NaN:NaN,0,0,NaN:NaN,19:50:44,No Files,NO,
158,0,0,None,0,2024-04-08,NaN:NaN,0,0,NaN:NaN,19:50:44,No Files,NO,
159,0,0,None,0,2024-04-08,NaN:NaN,0,0,NaN:NaN,19:50:44,No Files,NO,
160,0,0,None,0,2024-04-08,NaN:NaN,0,0,NaN:NaN,19:50:44,No Files,NO,
161,40.62757591,-96.95340501,Partial,79.76,2024-04-08,17:37:47,0,0,20:08:11,18:52:59,No Files,NO,
162,30.31421,-97.72242,Total,100,2024-04-08,17:17:14,18:36:01,18:38:03,19:58:06,18:37:02,No Files,NO,
163,30.95447,-95.91512,Partial,98.59,2024-04-08,17:21:10,0,0,20:01:48,18:41:08,Good deployment,YES,YES
164,0,0,None,0,2024-04-08,NaN:NaN,0,0,NaN:NaN,19:50:44,No Files,NO,
165,33.025997,-96.545349,Total,100,2024-04-08,17:24:02,18:41:28,18:45:12,20:03:15,18:43:20,No Files,NO,
166,0,0,None,0,2024-04-08,NaN:NaN,0,0,NaN:NaN,19:50:44,No Files,NO,
167,30.3537946,-93.1822415,Partial,90.49,2024-04-08,17:24:37,0,0,20:05:08,18:44:50,Good deployment,YES,YES
168,30.17283,-95.53723,Partial,95.67,2024-04-08,17:20:22,0,0,20:01:21,18:40:30,No Files,NO,
169,30.0328,-99.0905,Total,100,2024-04-08,17:14:42,18:32:05,18:36:28,19:55:29,18:34:17,Deployed in February,NO,YES
170,0,0,None,0,2024-04-08,NaN:NaN,0,0,NaN:NaN,19:50:44,No Files,NO,
171,30.45075,-99.79952778,Total,100,2024-04-08,17:14:31,18:32:15,18:35:23,19:54:51,18:33:49,Good deployment,YES,YES
172,29.860051,-98.4833,Total,100,2024-04-08,17:15:15,18:33:26,18:36:34,19:56:16,18:35:00,Good deployment,YES,NO
173,0,0,None,0,2024-04-08,NaN:NaN,0,0,NaN:NaN,19:50:44,No Files,NO,
174,30.1007767,-98.8202804,Total,100,2024-04-08,17:15:13,18:32:43,18:36:58,19:56:02,18:34:51,Good deployment,YES,YES
175,29.21023,-99.77858,Total,100,2024-04-08,17:12:08,18:29:35,18:33:50,19:53:13,18:31:42,Good deployment,YES,YES
176,0,0,None,0,2024-04-08,NaN:NaN,0,0,NaN:NaN,19:50:44,No Files,NO,
177,29.22198,-99.73889,Total,100,2024-04-08,17:12:12,18:29:41,18:33:55,19:53:18,18:31:48,Good deployment,YES,YES
178,0,0,None,0,2024-04-08,NaN:NaN,0,0,NaN:NaN,19:50:44,No Files,NO,
179,0,0,None,0,2024-04-08,NaN:NaN,0,0,NaN:NaN,19:50:44,Deployed in February,NO,YES
180,0,0,None,0,2024-04-08,NaN:NaN,0,0,NaN:NaN,19:50:44,No Files,NO,
181,0,0,None,0,2024-04-08,NaN:NaN,0,0,NaN:NaN,19:50:44,No Files,NO,
182,0,0,None,0,2024-04-08,NaN:NaN,0,0,NaN:NaN,19:50:44,No Files,NO,
183,0,0,None,0,2024-04-08,NaN:NaN,0,0,NaN:NaN,19:50:44,No Files,NO,
184,32.7223876,-95.5094739,Total,100,2024-04-08,17:25:00,18:42:37,18:46:32,20:04:33,18:44:34,No Files,NO,
185,28.617778,-97.672222,Partial,96.53,2024-04-08,17:14:09,0,0,19:55:49,18:34:14,No Files,NO,
186,41.022639,-82.927076,Total,100,2024-04-08,17:56:53,19:11:34,19:15:28,20:27:24,19:13:31,Good deployment,YES,YES
187,29.639182,-98.627463,Total,100,2024-04-08,17:14:37,18:32:59,18:35:46,19:55:43,18:34:23,No Files,NO,
188,0,0,None,0,2024-04-08,NaN:NaN,0,0,NaN:NaN,19:50:44,No Files,NO,
189,0,0,None,0,2024-04-08,NaN:NaN,0,0,NaN:NaN,19:50:44,No Files,NO,
190,0,0,None,0,2024-04-08,NaN:NaN,0,0,NaN:NaN,19:50:44,No Files,NO,
191,29.6327,-100.4387,Total,100,2024-04-08,17:12:02,18:29:28,18:33:14,19:52:41,18:31:21,Failed on the 8th,NO,YES
192,0,0,None,0,2024-04-08,NaN:NaN,0,0,NaN:NaN,19:50:44,No Files,NO,
193,29.524703,-95.800443,Partial,94.47,2024-04-08,17:18:47,0,0,20:00:03,18:38:59,Good deployment,YES,YES
194,33.82134,-95.46096,Total,100,2024-04-08,17:27:03,18:44:22,18:48:13,20:05:47,18:46:17,No Files,NO,
195,0,0,None,0,2024-04-08,NaN:NaN,0,0,NaN:NaN,19:50:44,No Files,NO,
196,33.148493,-95.601458,Total,100,2024-04-08,17:25:38,18:42:53,18:47:14,20:04:52,18:45:04,1970s,NO,YES
197,27.957222,-97.124167,Partial,93.34,2024-04-08,17:13:48,0,0,19:55:41,18:34:01,Failed on the 8th,NO,YES
198,32.849779,-97.492761,Partial,99.99,2024-04-08,17:22:21,0,0,20:01:32,18:41:31,1970s,NO,YES
199,30.415845,-94.170422,Partial,93.08,2024-04-08,17:23:02,0,0,20:03:45,18:43:14,No Files,NO,
200,30.95447,-95.91512,Partial,98.59,2024-04-08,17:21:10,0,0,20:01:48,18:41:08,Good deployment,YES,YES
201,34.52847,-93.06775,Total,100,2024-04-08,17:31:52,18:49:19,18:53:02,20:10:06,18:51:11,Good deployment,YES,YES
202,32.7230553,-95.510417,Total,100,2024-04-08,17:25:00,18:42:37,18:46:32,20:04:33,18:44:34,1970s,NO,YES
203,30.31421,-97.72242,Total,100,2024-04-08,17:17:14,18:36:01,18:38:03,19:58:06,18:37:02,No Files,NO,
204,29.523398,-95.803043,Partial,94.47,2024-04-08,17:18:47,0,0,20:00:03,18:38:58,Good deployment,YES,YES
205,0,0,None,0,2024-04-08,NaN:NaN,0,0,NaN:NaN,19:50:44,No Files,NO,
206,30.0328,-99.0905,Total,100,2024-04-08,17:14:42,18:32:05,18:36:28,19:55:29,18:34:17,1970s,NO,YES
207,0,0,None,0,2024-04-08,NaN:NaN,0,0,NaN:NaN,19:50:44,No Files,NO,
208,31.84405,-100.9803,Partial,95.39,2024-04-08,17:15:44,0,0,19:54:33,18:34:14,Only 8th and 9th,NO,YES
209,44.5174,-74.30237,Total,100,2024-04-08,18:12:40,19:24:36,19:28:11,20:36:19,19:26:23,Good deployment,YES,YES
210,0,0,None,0,2024-04-08,NaN:NaN,0,0,NaN:NaN,19:50:44,No Files,NO,
211,32.43488,-97.661457,Total,100,2024-04-08,17:21:20,18:39:15,18:41:55,20:00:48,18:40:35,Missing 6th,NO,YES
212,33.82151,-95.46128,Total,100,2024-04-08,17:27:03,18:44:22,18:48:13,20:05:47,18:46:17,No Files,NO,
213,0,0,None,0,2024-04-08,NaN:NaN,0,0,NaN:NaN,19:50:44,No Files,NO,
214,41.84705,-80.974917,Total,100,2024-04-08,18:00:43,19:14:51,19:18:40,20:29:45,19:16:46,No Files,NO,
215,0,0,None,0,2024-04-08,NaN:NaN,0,0,NaN:NaN,19:50:44,No Files,NO,
216,0,0,None,0,2024-04-08,NaN:NaN,0,0,NaN:NaN,19:50:44,No Files,NO,
217,31.91251,-100.93769,Partial,95.31,2024-04-08,17:15:55,0,0,19:54:42,18:34:25,Only 8th and 9th,NO,YES
218,0,0,None,0,2024-04-08,NaN:NaN,0,0,NaN:NaN,19:50:44,No Files,NO,
219,0,0,None,0,2024-04-08,NaN:NaN,0,0,NaN:NaN,19:50:44,No Files,NO,
220,0,0,None,0,2024-04-08,NaN:NaN,0,0,NaN:NaN,19:50:44,No Files,NO,
221,0,0,None,0,2024-04-08,NaN:NaN,0,0,NaN:NaN,19:50:44,No Files,NO,
222,0,0,None,0,2024-04-08,NaN:NaN,0,0,NaN:NaN,19:50:44,No Files,NO,
223,0,0,None,0,2024-04-08,NaN:NaN,0,0,NaN:NaN,19:50:44,No Files,NO,
224,0,0,None,0,2024-04-08,NaN:NaN,0,0,NaN:NaN,19:50:44,No Files,NO,
225,0,0,None,0,2024-04-08,NaN:NaN,0,0,NaN:NaN,19:50:44,No Files,NO,
226,0,0,None,0,2024-04-08,NaN:NaN,0,0,NaN:NaN,19:50:44,No Files,NO,
227,0,0,None,0,2024-04-08,NaN:NaN,0,0,NaN:NaN,19:50:44,No Files,NO,
228,0,0,None,0,2024-04-08,NaN:NaN,0,0,NaN:NaN,19:50:44,No Files,NO,
229,0,0,None,0,2024-04-08,NaN:NaN,0,0,NaN:NaN,19:50:44,No Files,NO,
230,40.173,-83.086,Total,100,2024-04-08,17:55:37,19:11:40,19:13:39,20:26:56,19:12:40,Good deployment,YES,YES
231,41.1523219,-82.8789084,Total,100,2024-04-08,17:57:06,19:11:44,19:15:38,20:27:29,19:13:41,Failed on the 8th,NO,YES
232,34.53593,-93.02804,Total,100,2024-04-08,17:31:56,18:49:25,18:53:05,20:10:10,18:51:15,1970s,NO,YES
233,41.5200846,-83.6795536,Total,100,2024-04-08,17:56:23,19:11:43,19:13:56,20:26:39,19:12:50,No Files,NO,
234,41.685,-83.497222,Total,100,2024-04-08,17:56:51,19:12:22,19:14:02,20:26:54,19:13:12,No Files,NO,
235,0,0,None,0,2024-04-08,NaN:NaN,0,0,NaN:NaN,19:50:44,No Files,NO,
236,34.863504,-92.4096875,Total,100,2024-04-08,17:33:27,18:51:02,18:54:22,20:11:23,18:52:42,Good deployment,YES,YES
237,35.8529,-90.82211,Total,100,2024-04-08,17:37:31,18:55:05,18:57:58,20:14:30,18:56:32,No Files,NO,
238,0,0,None,0,2024-04-08,NaN:NaN,0,0,NaN:NaN,19:50:44,No Files,NO,
239,33.26208,-93.87962,Partial,99.93,2024-04-08,17:28:26,0,0,20:07:37,18:48:04,Failed on the 7th,NO,YES
240,34.866044,-92.412937,Total,100,2024-04-08,17:33:27,18:51:02,18:54:22,20:11:23,18:52:42,Failed on the 8th,NO,YES
241,34.663912,-92.436355,Total,100,2024-04-08,17:33:04,18:51:04,18:53:43,20:11:09,18:52:23,No Files,NO,
242,35.1145,-92.429,Total,100,2024-04-08,17:33:50,18:51:02,18:54:58,20:11:35,18:53:00,Good deployment,YES,YES
242A,40.546783,-82.81052,Total,100,2024-04-08,17:56:29,19:11:47,19:14:53,20:27:23,19:13:21,No Files,NO,
243,35.83914,-94.04385,Partial,99.57,2024-04-08,17:32:42,0,0,20:09:48,18:51:23,Good deployment,YES,YES
244,35.332269,-92.7959,Total,100,2024-04-08,17:33:39,18:50:34,18:54:50,20:11:14,18:52:42,Failed on the 8th,NO,YES
245,0,0,None,0,2024-04-08,NaN:NaN,0,0,NaN:NaN,19:50:44,No Files,NO,
246,34.589909,-93.982558,Total,100,2024-04-08,17:30:36,18:47:39,18:51:55,20:08:48,18:49:47,1970s and failed on day 3,NO,YES
247,34.6367689,-92.5131982,Total,100,2024-04-08,17:32:54,18:50:51,18:53:37,20:11:01,18:52:14,Failed on the 7th,NO,YES
248,0,0,None,0,2024-04-08,NaN:NaN,0,0,NaN:NaN,19:50:44,No Files,NO,
249,35.19956,-94.35374,Total,100,2024-04-08,17:31:08,18:49:10,18:50:54,20:08:47,18:50:02,Failed on the 8th,NO,YES
250,34.4178785,-93.6197584,Total,100,2024-04-08,17:30:50,18:48:03,18:52:13,20:09:11,18:50:08,No Files,NO,
251,34.52081,-93.0603,Total,100,2024-04-08,17:31:52,18:49:20,18:53:01,20:10:07,18:51:11,No Files,NO,
252,0,0,None,0,2024-04-08,NaN:NaN,0,0,NaN:NaN,19:50:44,No Files,NO,
253,30.4474,-99.7997,Total,100,2024-04-08,17:14:31,18:32:14,18:35:23,19:54:51,18:33:48,Failed on the 8th,NO,YES
254,0,0,None,0,2024-04-08,NaN:NaN,0,0,NaN:NaN,19:50:44,No Files,NO,
255,31.93494,-102.302368,Partial,91.91,2024-04-08,17:14:17,0,0,19:52:19,18:32:16,Failed on the 8th,NO,YES
256,36.045383,-90.671101,Total,100,2024-04-08,17:38:04,18:55:24,18:58:37,20:14:52,18:57:00,No Files,NO,
257,0,0,None,0,2024-04-08,NaN:NaN,0,0,NaN:NaN,19:50:44,No Files,NO,
258,39.07237,-87.919589,Total,100,2024-04-08,17:46:52,19:02:59,19:06:15,20:20:33,19:04:37,Failed on the 8th,NO,YES
259,40.7203129,-89.2733188,Partial,94.61,2024-04-08,17:47:25,0,0,20:19:27,19:04:13,Good deployment,YES,YES
260,0,0,None,0,2024-04-08,NaN:NaN,0,0,NaN:NaN,19:50:44,No Files,NO,
261,37.5856984,-88.9185514,Total,100,2024-04-08,17:43:09,18:59:32,19:03:33,20:18:23,19:01:33,1970s and failed on day 2,NO,YES
262,0,0,None,0,2024-04-08,NaN:NaN,0,0,NaN:NaN,19:50:44,No Files,NO,
263,0,0,None,0,2024-04-08,NaN:NaN,0,0,NaN:NaN,19:50:44,No Files,NO,
264,40.5849,-86.66903,Partial,99.28,2024-04-08,17:50:51,0,0,20:22:47,19:07:51,Good deployment,YES,YES
265,40.127806,-85.114829,Total,100,2024-04-08,17:52:30,19:07:44,19:11:41,20:24:32,19:09:42,No Files,NO,
266,41.3122543,-81.3189806,Total,100,2024-04-08,17:59:37,19:14:19,19:17:35,20:29:16,19:15:58,1970s and failed on day 2,NO,YES
267,41.578464,-81.415184,Total,100,2024-04-08,17:59:46,19:14:06,19:17:53,20:29:13,19:16:00,No Files,NO,
268,41.776645,-79.897045,Total,100,2024-04-08,18:02:14,19:16:49,19:19:32,20:30:52,19:18:11,No Files,NO,
269,0,0,None,0,2024-04-08,NaN:NaN,0,0,NaN:NaN,19:50:44,No Files,NO,
270,0,0,None,0,2024-04-08,NaN:NaN,0,0,NaN:NaN,19:50:44,No Files,NO,
271,40.0223813,-85.3023171,Total,100,2024-04-08,17:52:05,19:07:22,19:11:20,20:24:16,19:09:21,1970s and failed on day 2,NO,YES
272,37.68269,-97.13662,Partial,87.99,2024-04-08,17:32:00,0,0,20:06:20,18:49:02,Good deployment,YES,YES
273,41.9648063,-79.9970364,Total,100,2024-04-08,18:02:17,19:16:27,19:19:51,20:30:48,19:18:09,No Files,NO,
274,0,0,None,0,2024-04-08,NaN:NaN,0,0,NaN:NaN,19:50:44,No Files,NO,
275,38.14525,-83.768303,Partial,95.75,2024-04-08,17:52:05,0,0,20:25:12,19:09:59,Failed Deployment,NO,NO
276,38.587155,-84.256807,Partial,97.96,2024-04-08,17:51:51,0,0,20:24:52,19:09:38,No Files,NO,
277,0,0,None,0,2024-04-08,NaN:NaN,0,0,NaN:NaN,19:50:44,No Files,NO,
278,30.032047,-89.9615039,Partial,81.7,2024-04-08,17:29:57,0,0,20:09:12,18:49:57,Good deployment,YES,YES
279,42.69088,-71.0049,Partial,93.75,2024-04-08,18:16:15,0,0,20:39:07,19:29:51,No Files,NO,
280,42.3936502,-71.1409151,Partial,92.78,2024-04-08,18:15:54,0,0,20:38:59,19:29:37,No Files,NO,
281,41.828606,-70.794038,Partial,90.22,2024-04-08,18:16:09,0,0,20:39:13,19:29:54,Good deployment,YES,YES
282,42.478016,-73.006385,Partial,95.25,2024-04-08,18:13:09,0,0,20:37:28,19:27:23,Good deployment,YES,NO
283,0,0,None,0,2024-04-08,NaN:NaN,0,0,NaN:NaN,19:50:44,No Files,NO,
284,42.12224,-71.40834,Partial,92.05,2024-04-08,18:15:22,0,0,20:38:45,19:29:14,No Files,NO,
285,0,0,None,0,2024-04-08,NaN:NaN,0,0,NaN:NaN,19:50:44,No Files,NO,
286,38.6665,-76.63624,Partial,85.91,2024-04-08,18:04:40,0,0,20:33:06,19:20:51,Good deployment,YES,NO
287,38.99321,-76.94187,Partial,87.59,2024-04-08,18:04:24,0,0,20:32:58,19:20:37,No Files,NO,
288,29.87778,-99.708056,Total,100,2024-04-08,17:13:32,18:30:49,18:35:10,19:54:15,18:32:59,Failed on the 7th,NO,YES
289,37.557033,-90.668792,Total,100,2024-04-08,17:40:29,18:57:25,19:00:12,20:15:58,18:58:49,Good deployment,YES,YES
290,42.22264,-73.72216,Partial,95.18,2024-04-08,18:11:55,0,0,20:36:50,19:26:25,Good deployment,YES,YES
291,30.070062,-98.199154,Total,100,2024-04-08,17:16:04,18:34:21,18:37:19,19:57:00,18:35:50,No Files,NO,
292,44.46311,-71.68203,Total,100,2024-04-08,18:16:15,19:28:56,19:29:53,20:38:30,19:29:25,Good deployment,YES,YES
293,37.484,-89.353,Total,100,2024-04-08,17:42:20,18:58:42,19:02:50,20:17:44,19:00:46,No Files,NO,
294,32.20485,-97.65127,Total,100,2024-04-08,17:20:54,18:38:29,18:42:00,20:00:33,18:40:14,Failed Deployment,NO,NO
295,40.819831,-83.908416,Total,100,2024-04-08,17:55:11,19:10:04,19:13:55,20:26:12,19:11:59,No Files,NO,
296,43.074892,-70.950331,Partial,95.12,2024-04-08,18:16:32,0,0,20:39:10,19:30:00,Good deployment,YES,YES
297,33.078899,-94.850061,Total,100,2024-04-08,17:26:38,18:44:26,18:47:57,20:05:57,18:46:12,Failed on the 8th,NO,YES
298,38.61381667,-90.49445,Partial,98.68,2024-04-08,17:42:26,0,0,20:16:51,19:00:16,Failed on the 8th,NO,YES
299,0,0,None,0,2024-04-08,NaN:NaN,0,0,NaN:NaN,19:50:44,No Files,NO,
300A,42.29006,-83.75649,Partial,98.62,2024-04-08,17:57:14,0,0,20:26:43,19:13:16,No Files,NO,
300,30.671944,-96.316111,Partial,98.73,2024-04-08,17:20:02,0,0,20:00:49,18:40:00,No Files,NO,
301,42.37164,-83.46766,Partial,98.77,2024-04-08,17:57:44,0,0,20:27:04,19:13:43,Failed on the 8th,NO,YES
302,42.8726,-84.59547,Partial,95.57,2024-04-08,17:56:49,0,0,20:25:49,19:12:31,No Files,NO,
303,42.32642,-85.56653,Partial,95.81,2024-04-08,17:54:47,0,0,20:24:35,19:10:48,No Files,NO,
304,42.3993782,-83.8097566,Partial,98.23,2024-04-08,17:57:18,0,0,20:26:41,19:13:16,No Files,NO,
305,31.429475,-97.7591801,Total,100,2024-04-08,17:19:17,18:36:37,18:41:01,19:59:28,18:38:49,Failed on the 7th,NO,YES
306,44.88729,-93.4491,Partial,73.88,2024-04-08,17:49:14,0,0,20:14:22,19:02:12,No Files,NO,
307,44.8746893,-93.3726458,Partial,74.05,2024-04-08,17:49:18,0,0,20:14:28,19:02:18,No Files,NO,
308,0,0,None,0,2024-04-08,NaN:NaN,0,0,NaN:NaN,19:50:44,No Files,NO,
309,36.8070196,-90.5467794,Total,100,2024-04-08,17:39:28,18:56:02,19:00:13,20:15:38,18:58:07,No Files,NO,
310,38.55626,-90.46249,Partial,98.87,2024-04-08,17:42:23,0,0,20:16:52,19:00:15,Failed Deployment,NO,NO
311,0,0,None,0,2024-04-08,NaN:NaN,0,0,NaN:NaN,19:50:44,No Files,NO,
312,39.21961,-94.60044,Partial,88.85,2024-04-08,17:37:58,0,0,20:11:12,18:54:47,Failed on the 7th,NO,YES
313,37.75965,-89.94976,Total,100,2024-04-08,17:41:52,18:58:22,19:01:56,20:17:06,19:00:09,1970s and failed on day 2,NO,YES
314,37.86796,-89.97304,Total,100,2024-04-08,17:42:00,18:58:37,19:01:51,20:17:08,19:00:14,No Files,NO,
315,37.8636221,-93.3498893,Partial,95.51,2024-04-08,17:37:12,0,0,20:12:19,18:55:03,No Files,NO,
316,37.2836,-89.1652,Total,100,2024-04-08,17:42:19,18:58:55,19:02:44,20:17:51,19:00:50,No Files,NO,
317,38.104403,-90.326928,Partial,99.96,2024-04-08,17:41:51,0,0,20:16:47,18:59:57,Good deployment,YES,YES
318,0,0,None,0,2024-04-08,NaN:NaN,0,0,NaN:NaN,19:50:44,No Files,NO,
319,37.4758,-93.7394,Partial,95.86,2024-04-08,17:36:00,0,0,20:11:29,18:53:58,Failed on the 8th,NO,YES
320,0,0,None,0,2024-04-08,NaN:NaN,0,0,NaN:NaN,19:50:44,No Files,NO,
321,0,0,None,0,2024-04-08,NaN:NaN,0,0,NaN:NaN,19:50:44,No Files,NO,
322,39.006026,-92.3167252,Partial,94.15,2024-04-08,17:40:33,0,0,20:14:29,18:57:57,Good deployment,YES,YES
323,38.879542,-92.302189,Partial,94.56,2024-04-08,17:40:22,0,0,20:14:26,18:57:50,Failed on the 8th,NO,YES
324,0,0,None,0,2024-04-08,NaN:NaN,0,0,NaN:NaN,19:50:44,No Files,NO,
325,33.375983,-88.813215,Partial,89.9,2024-04-08,17:37:01,0,0,20:14:55,18:56:39,No Files,NO,
326,0,0,None,0,2024-04-08,NaN:NaN,0,0,NaN:NaN,19:50:44,No Files,NO,
327,35.2894316,-82.7642812,Partial,84.01,2024-04-08,17:50:29,0,0,20:24:18,19:08:49,No Files,NO,
328,0,0,None,0,2024-04-08,NaN:NaN,0,0,NaN:NaN,19:50:44,No Files,NO,
329,35.499,-82.608366,Partial,84.46,2024-04-08,17:51:00,0,0,20:24:40,19:09:17,Failed on the 7th,NO,YES
330,44.2094645,-70.5637522,Partial,98.71,2024-04-08,18:17:39,0,0,20:39:24,19:30:38,No Files,NO,
331,44.7151375,-67.4658051,Partial,97.69,2024-04-08,18:22:07,0,0,20:41:34,19:34:03,No Files,NO,
332,46.86885,-68.007957,Total,100,2024-04-08,18:22:15,19:32:25,19:34:31,20:40:36,19:33:28,No Files,NO,
333,46.7426705,-67.9548206,Total,100,2024-04-08,18:22:15,19:32:11,19:34:51,20:40:41,19:33:31,Good deployment,YES,YES
334,43.9413872,-70.8661975,Partial,98.12,2024-04-08,18:17:06,0,0,20:39:12,19:30:15,Failed on the 8th,NO,YES
335,46.328431,-67.8722138,Total,100,2024-04-08,18:22:11,19:31:56,19:35:18,20:40:53,19:33:37,No Files,NO,
336,44.41651281,-70.06339023,Partial,98.92,2024-04-08,18:18:27,0,0,20:39:45,19:31:13,No Files,NO,
337,46.6848,-67.87248,Total,100,2024-04-08,18:22:20,19:32:10,19:35:03,20:40:45,19:33:36,No Files,NO,
338,0,0,None,0,2024-04-08,NaN:NaN,0,0,NaN:NaN,19:50:44,No Files,NO,
339,46.1308,-67.82575,Total,100,2024-04-08,18:22:10,19:32:01,19:35:19,20:40:58,19:33:40,No Files,NO,
340,32.53325,-94.31442,Partial,99.23,2024-04-08,17:26:29,0,0,20:06:10,18:46:16,No Files,NO,
341,45.05632,-70.20339,Total,100,2024-04-08,18:18:35,19:30:00,19:32:16,20:39:33,19:31:08,Good deployment,YES,YES
342,42.70804316,-71.48468081,Partial,94.35,2024-04-08,18:15:33,0,0,20:38:44,19:29:17,No Files,NO,
343,31.88207,-91.14704,Partial,90.38,2024-04-08,17:30:38,0,0,20:10:01,18:50:38,Good deployment,YES,YES
344,42.755781,-72.273754,Partial,95.42,2024-04-08,18:14:25,0,0,20:38:06,19:28:21,No Files,NO,
345,40.0066347,-74.1605021,Partial,87.44,2024-04-08,18:09:48,0,0,20:35:58,19:24:59,Failed Deployment,NO,NO
346,0,0,None,0,2024-04-08,NaN:NaN,0,0,NaN:NaN,19:50:44,No Files,NO,
347,39.71116,-83.85999,Total,100,2024-04-08,17:53:52,19:10:32,19:11:50,20:25:52,19:11:11,No Files,NO,
348,0,0,None,0,2024-04-08,NaN:NaN,0,0,NaN:NaN,19:50:44,No Files,NO,
349,31.86939,-91.13199,Partial,90.31,2024-04-08,17:30:39,0,0,20:10:01,18:50:39,Failed on the 8th,NO,YES
350,43.0413078,-78.4538938,Total,100,2024-04-08,18:05:36,19:18:52,19:22:36,20:32:30,19:20:44,Good deployment,YES,YES
351,0,0,None,0,2024-04-08,NaN:NaN,0,0,NaN:NaN,19:50:44,No Files,NO,
352,0,0,None,0,2024-04-08,NaN:NaN,0,0,NaN:NaN,19:50:44,No Files,NO,
353,39.72287,-83.88231,Total,100,2024-04-08,17:53:51,19:10:23,19:11:56,20:25:50,19:11:10,No Files,NO,
354,0,0,None,0,2024-04-08,NaN:NaN,0,0,NaN:NaN,19:50:44,No Files,NO,
355,0,0,None,0,2024-04-08,NaN:NaN,0,0,NaN:NaN,19:50:44,No Files,NO,
356,42.04103,-74.12232,Partial,95.01,2024-04-08,18:11:12,0,0,20:36:28,19:25:51,1970s,YES,YES
357,41.097168,-74.241079,Partial,91.67,2024-04-08,18:10:22,0,0,20:36:12,19:25:20,No Files,NO,
358,43.2925,-77.707778,Total,100,2024-04-08,18:06:54,19:19:57,19:23:40,20:33:14,19:21:48,No Files,NO,
359,35.2075,-106.630556,Partial,72.71,2024-04-08,17:16:43,0,0,19:47:34,18:30:58,No Files,NO,
360,41.05043,-74.01953,Partial,91.2,2024-04-08,18:10:42,0,0,20:36:23,19:25:37,No Files,NO,
361,44.25295,-75.60812,Total,100,2024-04-08,18:10:40,19:22:59,19:26:31,20:35:11,19:24:45,No Files,NO,
362,44.289657,-76.031964,Total,100,2024-04-08,18:10:07,19:22:37,19:25:53,20:34:47,19:24:15,"February dates, failed on day 3",NO,YES
363,43.246351,-78.709993,Total,100,2024-04-08,18:05:26,19:18:46,19:22:14,20:32:15,19:20:30,No Files,NO,
364,42.54449,-74.61616,Partial,97.39,2024-04-08,18:10:48,0,0,20:36:05,19:25:25,No Files,NO,
365,44.236215,-73.92383,Total,100,2024-04-08,18:13:00,19:25:08,19:28:23,20:36:40,19:26:46,No Files,NO,
366,42.994757,-77.648302,Total,100,2024-04-08,18:06:43,19:20:00,19:23:30,20:33:17,19:21:45,No Files,NO,
367,42.85830313,-73.79308336,Partial,97.51,2024-04-08,18:12:14,0,0,20:36:49,19:26:32,Good deployment,YES,YES
368,42.8751215,-78.7845108,Total,100,2024-04-08,18:04:58,19:18:21,19:22:07,20:32:09,19:20:14,No Files,NO,
369,43.52766,-75.26193,Total,100,2024-04-08,18:10:35,19:23:41,19:26:12,20:35:32,19:24:57,No Files,NO,
370,42.97896,-77.90236,Total,100,2024-04-08,18:06:20,19:19:37,19:23:13,20:33:02,19:21:25,No Files,NO,
371,42.206865,-78.135582,Partial,99.99,2024-04-08,18:05:17,0,0,20:32:44,19:20:45,No Files,NO,
372,43.322681,-76.578531,Total,100,2024-04-08,18:08:32,19:21:34,19:24:54,20:34:19,19:23:15,No Files,NO,
373,43.009303,-76.1806,Total,100,2024-04-08,18:08:51,19:23:01,19:24:13,20:34:41,19:23:37,Failed on the 8th,NO,YES
374,43.0703493,-76.2783632,Total,100,2024-04-08,18:08:46,19:22:31,19:24:32,20:34:36,19:23:31,No Files,NO,
375,40.7831545,-84.0028968,Total,100,2024-04-08,17:54:59,19:09:54,19:13:45,20:26:05,19:11:50,Failed on the 7th,NO,YES
376,40.877923,-81.3836563,Total,100,2024-04-08,17:59:02,19:15:05,19:16:05,20:29:05,19:15:35,No Files,NO,
377,39.807606,-83.88765,Total,100,2024-04-08,17:53:57,19:10:07,19:12:19,20:25:52,19:11:13,Failed on the 9th,NO,YES
378,40.7267496,-84.1969452,Total,100,2024-04-08,17:54:38,19:09:36,19:13:25,20:25:50,19:11:30,No Files,NO,
379,40.3824626,-82.2925037,Partial,99.97,2024-04-08,17:57:05,0,0,20:27:55,19:13:57,No Files,NO,
380,40.9198853,-83.9845502,Total,100,2024-04-08,17:55:11,19:10:07,19:13:48,20:26:09,19:11:57,Failed on the 7th,NO,YES
381,40.6083288,-82.5102391,Total,100,2024-04-08,17:57:01,19:12:25,19:15:13,20:27:45,19:13:49,Failed on the 8th,NO,YES
382,40.05753,-82.87494,Partial,99.91,2024-04-08,17:55:49,0,0,20:27:08,19:12:53,No Files,NO,
383,40.7325,-84.183611,Total,100,2024-04-08,17:54:40,19:09:37,19:13:26,20:25:51,19:11:32,Failed on the 8th,NO,YES
384,40.160117,-82.923983,Total,100,2024-04-08,17:55:51,19:12:20,19:13:27,20:27:07,19:12:53,Failed on the 8th,NO,YES
385,41.06517,-83.7622,Total,100,2024-04-08,17:55:42,19:10:34,19:14:11,20:26:27,19:12:23,No Files,NO,
386,41.55179,-84.36058,Partial,99.74,2024-04-08,17:55:27,0,0,20:25:52,19:11:54,No Files,NO,
387,39.0961846,-84.2605954,Partial,99.38,2024-04-08,17:52:29,0,0,20:25:07,19:10:05,No Files,NO,
388,0,0,None,0,2024-04-08,NaN:NaN,0,0,NaN:NaN,19:50:44,No Files,NO,
389,0,0,None,0,2024-04-08,NaN:NaN,0,0,NaN:NaN,19:50:44,No Files,NO,
390,39.2605873,-84.7510839,Total,100,2024-04-08,17:51:55,19:08:47,19:10:12,20:24:36,19:09:30,No Files,NO,
391,41.3810753,-83.6755355,Total,100,2024-04-08,17:56:13,19:11:18,19:14:10,20:26:38,19:12:44,Failed on the 8th,NO,YES
392,39.689652,-84.131414,Total,100,2024-04-08,17:53:25,19:09:39,19:11:54,20:25:32,19:10:46,No Files,NO,
393,41.1527975,-81.362147,Total,100,2024-04-08,17:59:22,19:14:23,19:17:12,20:29:10,19:15:48,No Files,NO,
394,41.56039,-81.41947,Total,100,2024-04-08,17:59:44,19:14:06,19:17:52,20:29:12,19:15:59,Failed on the 8th,NO,YES
395,40.7661489,-81.7328776,Total,100,2024-04-08,17:58:23,19:14:14,19:15:48,20:28:40,19:15:01,No Files,NO,
396,41.228232,-81.208939,Total,100,2024-04-08,17:59:41,19:14:38,19:17:29,20:29:22,19:16:03,No Files,NO,
397,41.42148,-81.15892,Total,100,2024-04-08,17:59:58,19:14:34,19:17:55,20:29:28,19:16:15,No Files,NO,
398,40.6687512,-83.94759362,Total,100,2024-04-08,17:54:56,19:09:51,19:13:47,20:26:07,19:11:49,No Files,NO,
399,39.7174127,-84.1697339,Total,100,2024-04-08,17:53:24,19:09:29,19:11:59,20:25:30,19:10:44,No Files,NO,
400,41.61781,-83.57734,Total,100,2024-04-08,17:56:39,19:12:05,19:13:59,20:26:48,19:13:03,No Files,NO,
401,41.202502,-80.76714,Total,100,2024-04-08,18:00:20,19:15:52,19:17:26,20:29:50,19:16:39,No Files,NO,
402,0,0,None,0,2024-04-08,NaN:NaN,0,0,NaN:NaN,19:50:44,No Files,NO,
403,0,0,None,0,2024-04-08,NaN:NaN,0,0,NaN:NaN,19:50:44,No Files,NO,
404,39.88126,-84.03071,Total,100,2024-04-08,17:53:49,19:09:37,19:12:32,20:25:44,19:11:04,No Files,NO,
405,41.152946,-81.513274,Total,100,2024-04-08,17:59:09,19:14:03,19:17:07,20:29:00,19:15:35,No Files,NO,
406,0,0,None,0,2024-04-08,NaN:NaN,0,0,NaN:NaN,19:50:44,No Files,NO,
407,40.74097,-84.01915,Total,100,2024-04-08,17:54:55,19:09:50,19:13:42,20:26:03,19:11:46,Good deployment,YES,YES
408,40.90814,-83.90913,Total,100,2024-04-08,17:55:17,19:10:11,19:13:56,20:26:14,19:12:03,Failed on the 7th,NO,YES
409,0,0,None,0,2024-04-08,NaN:NaN,0,0,NaN:NaN,19:50:44,No Files,NO,
410,40.010056,-82.930837,Partial,99.88,2024-04-08,17:55:40,0,0,20:27:03,19:12:46,No Files,NO,
411,41.563077,-83.604855,Total,100,2024-04-08,17:56:33,19:11:52,19:14:03,20:26:45,19:12:58,No Files,NO,
412,40.805173,-81.752203,Total,100,2024-04-08,17:58:24,19:14:02,19:16:00,20:28:39,19:15:01,No Files,NO,
413,40.6391,-84.10294,Total,100,2024-04-08,17:54:40,19:09:37,19:13:32,20:25:55,19:11:34,No Files,NO,
414,41.1929515,-81.3600868,Total,100,2024-04-08,17:59:25,19:14:20,19:17:18,20:29:11,19:15:49,No Files,NO,
415,0,0,None,0,2024-04-08,NaN:NaN,0,0,NaN:NaN,19:50:44,No Files,NO,
416,44.50552,-72.86493,Total,100,2024-04-08,18:14:39,19:26:31,19:29:36,20:37:32,19:28:04,Good deployment,YES,YES
417,40.0834973,-77.4007215,Partial,92.3,2024-04-08,18:04:32,0,0,20:32:57,19:20:37,No Files,NO,
418,42.139118,-80.087658,Total,100,2024-04-08,18:02:20,19:16:16,19:19:59,20:30:44,19:18:08,Good deployment,YES,YES
419,40.7512005,-79.8129517,Partial,98.09,2024-04-08,18:01:19,0,0,20:30:43,19:17:41,Good deployment,YES,YES
420,41.73439,-71.33959,Partial,90.49,2024-04-08,18:15:16,0,0,20:38:46,19:29:13,No Files,NO,
421,0,0,None,0,2024-04-08,NaN:NaN,0,0,NaN:NaN,19:50:44,No Files,NO,
422,0,0,None,0,2024-04-08,NaN:NaN,0,0,NaN:NaN,19:50:44,No Files,NO,
423,35.83925,-86.36494,Partial,92.9,2024-04-08,17:44:46,0,0,20:20:26,19:03:38,No Files,NO,
424,36.00679,-86.30315,Partial,93.33,2024-04-08,17:45:06,0,0,20:20:38,19:03:55,No Files,NO,
425,36.61725,-87.26964,Partial,97.12,2024-04-08,17:44:20,0,0,20:19:53,19:03:03,No Files,NO,
426,31.69629,-97.14195,Total,100,2024-04-08,17:20:41,18:38:06,18:42:26,20:00:47,18:40:16,Good deployment,YES,YES
427,0,0,None,0,2024-04-08,NaN:NaN,0,0,NaN:NaN,19:50:44,No Files,NO,
428,32.0023797,-97.0904142,Total,100,2024-04-08,17:21:20,18:38:39,18:43:02,20:01:14,18:40:50,Failed Deployment,NO,
429,97.10641,-33.25126,None,0,2024-04-08,NaN:NaN,0,0,NaN:NaN,17:36:23,No Files,NO,
430,32.6933,-97.43444,Total,100,2024-04-08,17:22:08,18:40:12,18:42:31,20:01:28,18:41:22,Failed on the 8th,NO,YES
431,32.29904,-96.94812,Total,100,2024-04-08,17:22:06,18:39:24,18:43:42,20:01:48,18:41:33,Failed on the 7th,NO,YES
432,33.087019,-96.7783653,Total,100,2024-04-08,17:23:48,18:41:33,18:44:33,20:02:57,18:43:03,Failed on the 8th,NO,YES
433,30.04582,-95.58545,Partial,95.42,2024-04-08,17:20:04,0,0,20:01:07,18:40:12,Failed on the 8th,NO,YES
434,30.100833,-98.246111,Total,100,2024-04-08,17:16:03,18:34:11,18:37:25,19:56:58,18:35:48,No Files,NO,
435,30.465684,-97.639366,Total,100,2024-04-08,17:17:39,18:36:11,18:38:41,19:58:26,18:37:26,Failed on the 8th,NO,YES
436,30.8480144,-98.220006,Total,100,2024-04-08,17:17:31,18:34:54,18:39:17,19:57:59,18:37:06,No Files,NO,
437,29.4637,-98.4715,Partial,99.98,2024-04-08,17:14:31,0,0,19:55:44,18:34:20,Failed on the 8th,NO,YES
438,30.72079,-101.20704,Partial,97.71,2024-04-08,17:13:10,0,0,19:52:47,18:31:58,1970s and failed on day 3,NO,YES
439,32.6841,-95.5414,Total,100,2024-04-08,17:24:52,18:42:31,18:46:24,20:04:27,18:44:27,Failed on the 8th,NO,YES
440,33.564213,-96.902179,Partial,99.71,2024-04-08,17:24:32,0,0,20:03:15,18:43:34,Failed on the 8th,NO,YES
441,33.8163314,-95.6360293,Total,100,2024-04-08,17:26:48,18:44:13,18:47:47,20:05:30,18:46:00,Failed on the 8th,NO,YES
442,32.7375409,-97.3658345,Total,100,2024-04-08,17:22:19,18:40:21,18:42:44,20:01:37,18:41:33,Failed on the 8th,NO,YES
443,33.25035,-97.0949,Partial,99.93,2024-04-08,17:23:40,0,0,20:02:37,18:42:47,Failed on the 8th,NO,YES
444,0,0,None,0,2024-04-08,NaN:NaN,0,0,NaN:NaN,19:50:44,No Files,NO,
445,31.3897866,-97.258821,Total,100,2024-04-08,17:19:56,18:37:31,18:41:39,20:00:13,18:39:35,No Files,NO,
446,29.395568,-98.06516,Partial,99.3,2024-04-08,17:15:00,0,0,19:56:18,18:34:54,Failed on the 8th,NO,YES
447,30.555,-100.595,Partial,99.35,2024-04-08,17:13:39,0,0,19:53:38,18:32:41,Failed on the 8th,NO,YES
448,30.577333,-97.40484,Total,100,2024-04-08,17:18:12,18:37:03,18:38:58,19:58:58,18:38:00,Failed on the 8th,NO,YES
449,29.63571,-95.66162,Partial,94.44,2024-04-08,17:19:12,0,0,20:00:26,18:39:24,Failed on the 8th,NO,YES
450,0,0,None,0,2024-04-08,NaN:NaN,0,0,NaN:NaN,19:50:44,No Files,NO,
451,29.8648113,-98.1906737,Total,100,2024-04-08,17:15:41,18:34:36,18:36:23,19:56:45,18:35:30,No Files,NO,
452,29.7784107,-98.2539232,Total,100,2024-04-08,17:15:26,18:34:29,18:36:00,19:56:31,18:35:15,Failed on the 8th,NO,YES
453,30.216383,-98.937346,Total,100,2024-04-08,17:15:16,18:32:38,18:37:03,19:55:59,18:34:51,No Files,NO,
454,32.7355967,-97.3630681,Total,100,2024-04-08,17:22:19,18:40:20,18:42:45,20:01:37,18:41:33,No Files,NO,
455,33.71871,-96.77973,Partial,99.61,2024-04-08,17:24:59,0,0,20:03:36,18:44:00,Failed on the 8th,NO,YES
456,0,0,None,0,2024-04-08,NaN:NaN,0,0,NaN:NaN,19:50:44,No Files,NO,
457,33.11466,-94.3144,Total,100,2024-04-08,17:27:30,18:46:14,18:48:01,20:06:48,18:47:08,Failed on the 8th,NO,YES
458,0,0,None,0,2024-04-08,NaN:NaN,0,0,NaN:NaN,19:50:44,No Files,NO,
459,30.15064,-99.34832,Total,100,2024-04-08,17:14:34,18:31:52,18:36:14,19:55:13,18:34:03,No Files,NO,
460,31.57084,-97.12038,Total,100,2024-04-08,17:20:29,18:38:00,18:42:12,20:00:40,18:40:06,No Files,NO,
461,38.97196,-77.54668,Partial,88.43,2024-04-08,18:03:22,0,0,20:32:22,19:19:45,No Files,NO,
462,37.60588,-78.06375,Partial,84.18,2024-04-08,18:01:19,0,0,20:31:06,19:18:05,Failed on the 8th,NO,YES
463,37.2252,-76.5171,Partial,80.32,2024-04-08,18:03:48,0,0,20:32:24,19:20:06,No Files,NO,
464,0,0,None,0,2024-04-08,NaN:NaN,0,0,NaN:NaN,19:50:44,No Files,NO,
465,38.8849078,-77.1059869,Partial,87.43,2024-04-08,18:04:02,0,0,20:32:45,19:20:19,No Files,NO,
466,44.5110415,-73.047787,Total,100,2024-04-08,18:14:24,19:26:14,19:29:28,20:37:23,19:27:51,No Files,NO,
467,30.7472494,-100.84213,Partial,98.45,2024-04-08,17:13:42,0,0,19:53:27,18:32:36,No Files,NO,
468,42.93360547,-88.41675647,Partial,89,2024-04-08,17:51:54,0,0,20:21:06,19:07:22,Failed on the 7th,NO,YES
469,38.69497,-79.53286,Partial,90.54,2024-04-08,17:59:45,0,0,20:30:12,19:16:42,Failed on the 6th,NO,YES
470,33.71852,-96.78019,Partial,99.61,2024-04-08,17:24:59,0,0,20:03:36,18:44:00,No Files,NO,
471,0,0,None,0,2024-04-08,NaN:NaN,0,0,NaN:NaN,19:50:44,No Files,NO,
472,43.8729202,-70.457002,Partial,97.49,2024-04-08,18:17:38,0,0,20:39:31,19:30:42,No Files,NO,
473,42.77166,-78.64419,Total,100,2024-04-08,18:05:04,19:18:31,19:22:13,20:32:17,19:20:22,1970s,NO,YES
474,30.72998,-97.90873,Total,100,2024-04-08,17:17:45,18:35:25,18:39:25,19:58:21,18:37:25,No Files,NO,
475,43.034048,-76.133436,Total,100,2024-04-08,18:08:56,19:23:03,19:24:20,20:34:44,19:23:41,No Files,NO,
476,29.7219827,-98.127101,Partial,99.93,2024-04-08,17:15:31,0,0,19:56:39,18:35:22,No Files,NO,
477,41.0243581,-81.4439091,Total,100,2024-04-08,17:59:06,19:14:23,19:16:48,20:29:03,19:15:36,No Files,NO,
478,31.0345531,-98.4651556,Total,100,2024-04-08,17:17:31,18:34:51,18:39:09,19:57:49,18:37:00,No Files,NO,
479,37.23672,-88.94087,Total,100,2024-04-08,17:42:35,18:59:25,19:02:49,20:18:07,19:01:07,No Files,NO,
480,29.78141,-98.2364,Total,100,2024-04-08,17:15:28,18:34:34,18:35:59,19:56:33,18:35:17,No Files,NO,
481,38.4420257,-90.4013802,Partial,99.25,2024-04-08,17:42:17,0,0,20:16:53,19:00:13,No Files,NO,
482,40.776111,-81.919167,Total,100,2024-04-08,17:58:07,19:13:38,19:15:54,20:28:27,19:14:46,No Files,NO,
483,42.3043825,-71.1182554,Partial,92.41,2024-04-08,18:15:54,0,0,20:39:00,19:29:38,No Files,NO,
484,37.72394,-89.35226,Total,100,2024-04-08,17:42:42,18:58:58,19:03:05,20:17:53,19:01:02,No Files,NO,
485,33.03493,-96.79528,Total,100,2024-04-08,17:23:41,18:41:22,18:44:30,20:02:52,18:42:56,No Files,NO,
486,40.8432511,-84.3402449,Total,100,2024-04-08,17:54:34,19:09:38,19:13:09,20:25:42,19:11:24,No Files,NO,
487,40.748713,-84.136104,Total,100,2024-04-08,17:54:45,19:09:42,19:13:31,20:25:55,19:11:37,No Files,NO,
488,31.05,-97.44,Total,100,2024-04-08,17:19:02,18:36:48,18:40:39,19:59:31,18:38:44,No Files,NO,
489,40.56368,-84.18626,Total,100,2024-04-08,17:54:27,19:09:25,19:13:22,20:25:48,19:11:24,No Files,NO,
490,32.6856,-97.0323,Total,100,2024-04-08,17:22:42,18:40:13,18:43:48,20:02:06,18:42:01,No Files,NO,
491,31.5757132,-97.65713,Total,100,2024-04-08,17:19:43,18:37:02,18:41:25,19:59:48,18:39:13,Failed on the 8th,NO,YES
492,44.468408,-73.1069688,Total,100,2024-04-08,18:14:17,19:26:11,19:29:22,20:37:20,19:27:47,No Files,NO,
493,42.847132,-78.701304,Total,100,2024-04-08,18:05:03,19:18:27,19:22:12,20:32:14,19:20:20,No Files,NO,
494,39.47589,-88.18895,Partial,99.84,2024-04-08,17:47:04,0,0,20:20:23,19:04:36,No Files,NO,
496,44.7458793,-72.9912134,Total,100,2024-04-08,18:14:38,19:26:13,19:29:43,20:37:23,19:27:58,No Files,NO,
,0,0,None,0,2024-04-08,NaN:NaN,0,0,NaN:NaN,19:50:44,No Files,NO,
497,0,0,None,0,2024-04-08,NaN:NaN,0,0,NaN:NaN,19:50:44,No Files,NO,
498,0,0,None,0,2024-04-08,NaN:NaN,0,0,NaN:NaN,19:50:44,No Files,NO,
499,39.749783,-84.538523,Total,100,2024-04-08,17:52:53,19:08:34,19:11:53,20:25:05,19:10:14,No Files,NO,
500,0,0,None,0,2024-04-08,NaN:NaN,0,0,NaN:NaN,19:50:44,No Files,NO,
501,33.544351,-95.085369,Total,100,2024-04-08,17:27:06,18:44:20,18:48:40,20:06:05,18:46:30,Failed on the 8th,NO,YES
502,38.67891,-87.53814,Total,100,2024-04-08,17:46:52,19:02:45,19:06:50,20:20:51,19:04:48,Failed Deployment,NO,
503,36.96974,-90.97989,Total,100,2024-04-08,17:39:05,18:55:42,18:59:34,20:15:08,18:57:38,No Files,NO,
504,36.089254,-92.54893,Total,100,2024-04-08,17:35:18,18:52:19,18:55:51,20:12:14,18:54:05,1970s,NO,YES
505,39.7125,-84.152222,Total,100,2024-04-08,17:53:25,19:09:32,19:11:58,20:25:31,19:10:46,No Files,NO,
506,46.04967333,-68.57086,Total,100,2024-04-08,18:21:11,19:31:13,19:34:36,20:40:29,19:32:55,No Files,NO,
507,0,0,None,0,2024-04-08,NaN:NaN,0,0,NaN:NaN,19:50:44,No Files,NO,
508,0,0,None,0,2024-04-08,NaN:NaN,0,0,NaN:NaN,19:50:44,No Files,NO,
509,41.6658722,-81.3504124,Total,100,2024-04-08,17:59:58,19:14:14,19:18:03,20:29:18,19:16:09,No Files,NO,
510A,37.20727271,-88.635223,Total,100,2024-04-08,17:43:01,19:00:16,19:02:52,20:18:31,19:01:34,No Files,NO,
510,37.507291,-88.635188,Total,100,2024-04-08,17:43:28,19:00:06,19:03:42,20:18:43,19:01:54,No Files,NO,
511,0,0,None,0,2024-04-08,NaN:NaN,0,0,NaN:NaN,19:50:44,No Files,NO,
512,40.6439726,-83.9702082,Total,100,2024-04-08,17:54:52,19:09:48,19:13:44,20:26:05,19:11:46,No Files,NO,
513,0,0,None,0,2024-04-08,NaN:NaN,0,0,NaN:NaN,19:50:44,No Files,NO,
514,0,0,None,0,2024-04-08,NaN:NaN,0,0,NaN:NaN,19:50:44,No Files,NO,
515,29.344468,-99.986807,Total,100,2024-04-08,17:12:06,18:29:23,18:33:49,19:53:03,18:31:36,Failed Deployment,NO,YES
516,29.34487,-99.983234,Total,100,2024-04-08,17:12:06,18:29:23,18:33:49,19:53:04,18:31:36,Good deployment,YES,YES
517,29.345988,-99.97628,Total,100,2024-04-08,17:12:07,18:29:24,18:33:50,19:53:05,18:31:37,Good deployment,YES,NO
518,29.35396,-99.968933,Total,100,2024-04-08,17:12:08,18:29:25,18:33:52,19:53:06,18:31:38,Failed on the 7th,NO,YES
519,34.51015,-93.10025,Total,100,2024-04-08,17:31:47,18:49:14,18:52:58,20:10:02,18:51:06,Good deployment,YES,YES
520,0,0,None,0,2024-04-08,NaN:NaN,0,0,NaN:NaN,19:50:44,No Files,NO,
521,0,0,None,0,2024-04-08,NaN:NaN,0,0,NaN:NaN,19:50:44,No Files,NO,
522,0,0,None,0,2024-04-08,NaN:NaN,0,0,NaN:NaN,19:50:44,No Files,NO,
523,29.56687,-98.43552,Total,100,2024-04-08,17:14:46,18:34:06,18:35:03,19:55:56,18:34:35,No Files,NO,
524,38.9143312,-95.22715,Partial,88.46,2024-04-08,17:36:38,0,0,20:10:05,18:53:29,No Files,NO,
525,32.8719794,-96.7169145,Total,100,2024-04-08,17:23:30,18:40:56,18:44:42,20:02:49,18:42:49,No Files,NO,
526,40.546783,-82.81052,Total,100,2024-04-08,17:56:29,19:11:47,19:14:53,20:27:23,19:13:21,No Files,NO,
527,40.05374,-86.08632,Total,100,2024-04-08,17:50:57,19:06:35,19:09:53,20:23:19,19:08:14,No Files,NO,
528,76.988056,-42.849722,Partial,15.28,2024-04-08,18:44:21,0,0,20:00:44,19:22:46,No Files,NO,
529,31.0334071,-97.9066345,Total,100,2024-04-08,17:18:19,18:35:45,18:40:06,19:58:44,18:37:55,No Files,NO,
530,37.2829,-89.165,Total,100,2024-04-08,17:42:19,18:58:55,19:02:44,20:17:51,19:00:50,No Files,NO,
531,0,0,None,0,2024-04-08,NaN:NaN,0,0,NaN:NaN,19:50:44,No Files,NO,
532,0,0,None,0,2024-04-08,NaN:NaN,0,0,NaN:NaN,19:50:44,No Files,NO,
533,0,0,None,0,2024-04-08,NaN:NaN,0,0,NaN:NaN,19:50:44,No Files,NO,
534,0,0,None,0,2024-04-08,NaN:NaN,0,0,NaN:NaN,19:50:44,No Files,NO,
535,0,0,None,0,2024-04-08,NaN:NaN,0,0,NaN:NaN,19:50:44,No Files,NO,
536,0,0,None,0,2024-04-08,NaN:NaN,0,0,NaN:NaN,19:50:44,No Files,NO,
537,0,0,None,0,2024-04-08,NaN:NaN,0,0,NaN:NaN,19:50:44,No Files,NO,
538,0,0,None,0,2024-04-08,NaN:NaN,0,0,NaN:NaN,19:50:44,No Files,NO,
539,0,0,None,0,2024-04-08,NaN:NaN,0,0,NaN:NaN,19:50:44,No Files,NO,
540,0,0,None,0,2024-04-08,NaN:NaN,0,0,NaN:NaN,19:50:44,No Files,NO,
541,0,0,None,0,2024-04-08,NaN:NaN,0,0,NaN:NaN,19:50:44,No Files,NO,
542,0,0,None,0,2024-04-08,NaN:NaN,0,0,NaN:NaN,19:50:44,No Files,NO,
543,0,0,None,0,2024-04-08,NaN:NaN,0,0,NaN:NaN,19:50:44,No Files,NO,
544,0,0,None,0,2024-04-08,NaN:NaN,0,0,NaN:NaN,19:50:44,No Files,NO,
545,0,0,None,0,2024-04-08,NaN:NaN,0,0,NaN:NaN,19:50:44,No Files,NO,
546,0,0,None,0,2024-04-08,NaN:NaN,0,0,NaN:NaN,19:50:44,No Files,NO,
547,0,0,None,0,2024-04-08,NaN:NaN,0,0,NaN:NaN,19:50:44,No Files,NO,
548,0,0,None,0,2024-04-08,NaN:NaN,0,0,NaN:NaN,19:50:44,No Files,NO,
549,0,0,None,0,2024-04-08,NaN:NaN,0,0,NaN:NaN,19:50:44,No Files,NO,
550,0,0,None,0,2024-04-08,NaN:NaN,0,0,NaN:NaN,19:50:44,No Files,NO,
551,0,0,None,0,2024-04-08,NaN:NaN,0,0,NaN:NaN,19:50:44,No Files,NO,
552,0,0,None,0,2024-04-08,NaN:NaN,0,0,NaN:NaN,19:50:44,No Files,NO,
553,0,0,None,0,2024-04-08,NaN:NaN,0,0,NaN:NaN,19:50:44,No Files,NO,
554,0,0,None,0,2024-04-08,NaN:NaN,0,0,NaN:NaN,19:50:44,No Files,NO,
555,0,0,None,0,2024-04-08,NaN:NaN,0,0,NaN:NaN,19:50:44,No Files,NO,
556,0,0,None,0,2024-04-08,NaN:NaN,0,0,NaN:NaN,19:50:44,No Files,NO,
557,0,0,None,0,2024-04-08,NaN:NaN,0,0,NaN:NaN,19:50:44,No Files,NO,
558,0,0,None,0,2024-04-08,NaN:NaN,0,0,NaN:NaN,19:50:44,No Files,NO,
559,0,0,None,0,2024-04-08,NaN:NaN,0,0,NaN:NaN,19:50:44,No Files,NO,
560,0,0,None,0,2024-04-08,NaN:NaN,0,0,NaN:NaN,19:50:44,No Files,NO,
561,0,0,None,0,2024-04-08,NaN:NaN,0,0,NaN:NaN,19:50:44,No Files,NO,
562,0,0,None,0,2024-04-08,NaN:NaN,0,0,NaN:NaN,19:50:44,No Files,NO,
563,0,0,None,0,2024-04-08,NaN:NaN,0,0,NaN:NaN,19:50:44,No Files,NO,
564,0,0,None,0,2024-04-08,NaN:NaN,0,0,NaN:NaN,19:50:44,No Files,NO,
565,0,0,None,0,2024-04-08,NaN:NaN,0,0,NaN:NaN,19:50:44,No Files,NO,
566,0,0,None,0,2024-04-08,NaN:NaN,0,0,NaN:NaN,19:50:44,No Files,NO,
567,0,0,None,0,2024-04-08,NaN:NaN,0,0,NaN:NaN,19:50:44,No Files,NO,
568,0,0,None,0,2024-04-08,NaN:NaN,0,0,NaN:NaN,19:50:44,No Files,NO,
569,0,0,None,0,2024-04-08,NaN:NaN,0,0,NaN:NaN,19:50:44,No Files,NO,
570,0,0,None,0,2024-04-08,NaN:NaN,0,0,NaN:NaN,19:50:44,No Files,NO,
571,0,0,None,0,2024-04-08,NaN:NaN,0,0,NaN:NaN,19:50:44,No Files,NO,
572,0,0,None,0,2024-04-08,NaN:NaN,0,0,NaN:NaN,19:50:44,No Files,NO,
573,0,0,None,0,2024-04-08,NaN:NaN,0,0,NaN:NaN,19:50:44,No Files,NO,
574,0,0,None,0,2024-04-08,NaN:NaN,0,0,NaN:NaN,19:50:44,No Files,NO,
575,0,0,None,0,2024-04-08,NaN:NaN,0,0,NaN:NaN,19:50:44,No Files,NO,
576,0,0,None,0,2024-04-08,NaN:NaN,0,0,NaN:NaN,19:50:44,No Files,NO,
577,0,0,None,0,2024-04-08,NaN:NaN,0,0,NaN:NaN,19:50:44,No Files,NO,
578,0,0,None,0,2024-04-08,NaN:NaN,0,0,NaN:NaN,19:50:44,No Files,NO,
579,0,0,None,0,2024-04-08,NaN:NaN,0,0,NaN:NaN,19:50:44,No Files,NO,
580,0,0,None,0,2024-04-08,NaN:NaN,0,0,NaN:NaN,19:50:44,No Files,NO,
581,0,0,None,0,2024-04-08,NaN:NaN,0,0,NaN:NaN,19:50:44,No Files,NO,
582,0,0,None,0,2024-04-08,NaN:NaN,0,0,NaN:NaN,19:50:44,No Files,NO,
583,0,0,None,0,2024-04-08,NaN:NaN,0,0,NaN:NaN,19:50:44,No Files,NO,
584,0,0,None,0,2024-04-08,NaN:NaN,0,0,NaN:NaN,19:50:44,No Files,NO,
585,0,0,None,0,2024-04-08,NaN:NaN,0,0,NaN:NaN,19:50:44,No Files,NO,
586,0,0,None,0,2024-04-08,NaN:NaN,0,0,NaN:NaN,19:50:44,No Files,NO,
587,0,0,None,0,2024-04-08,NaN:NaN,0,0,NaN:NaN,19:50:44,No Files,NO,
588,0,0,None,0,2024-04-08,NaN:NaN,0,0,NaN:NaN,19:50:44,No Files,NO,
589,0,0,None,0,2024-04-08,NaN:NaN,0,0,NaN:NaN,19:50:44,No Files,NO,
590,0,0,None,0,2024-04-08,NaN:NaN,0,0,NaN:NaN,19:50:44,No Files,NO,
591,0,0,None,0,2024-04-08,NaN:NaN,0,0,NaN:NaN,19:50:44,No Files,NO,
592,0,0,None,0,2024-04-08,NaN:NaN,0,0,NaN:NaN,19:50:44,No Files,NO,
593,0,0,None,0,2024-04-08,NaN:NaN,0,0,NaN:NaN,19:50:44,No Files,NO,
594,0,0,None,0,2024-04-08,NaN:NaN,0,0,NaN:NaN,19:50:44,No Files,NO,
595,0,0,None,0,2024-04-08,NaN:NaN,0,0,NaN:NaN,19:50:44,No Files,NO,
596,0,0,None,0,2024-04-08,NaN:NaN,0,0,NaN:NaN,19:50:44,No Files,NO,
597,0,0,None,0,2024-04-08,NaN:NaN,0,0,NaN:NaN,19:50:44,No Files,NO,
598,0,0,None,0,2024-04-08,NaN:NaN,0,0,NaN:NaN,19:50:44,No Files,NO,
599,0,0,None,0,2024-04-08,NaN:NaN,0,0,NaN:NaN,19:50:44,No Files,NO,
600,0,0,None,0,2024-04-08,NaN:NaN,0,0,NaN:NaN,19:50:44,No Files,NO,
601,0,0,None,0,2024-04-08,NaN:NaN,0,0,NaN:NaN,19:50:44,No Files,NO,
602,0,0,None,0,2024-04-08,NaN:NaN,0,0,NaN:NaN,19:50:44,No Files,NO,
603,0,0,None,0,2024-04-08,NaN:NaN,0,0,NaN:NaN,19:50:44,No Files,NO,
604,0,0,None,0,2024-04-08,NaN:NaN,0,0,NaN:NaN,19:50:44,No Files,NO,
605,0,0,None,0,2024-04-08,NaN:NaN,0,0,NaN:NaN,19:50:44,No Files,NO,
606,0,0,None,0,2024-04-08,NaN:NaN,0,0,NaN:NaN,19:50:44,No Files,NO,
607,0,0,None,0,2024-04-08,NaN:NaN,0,0,NaN:NaN,19:50:44,No Files,NO,
608,0,0,None,0,2024-04-08,NaN:NaN,0,0,NaN:NaN,19:50:44,No Files,NO,
609,0,0,None,0,2024-04-08,NaN:NaN,0,0,NaN:NaN,19:50:44,No Files,NO,
610,0,0,None,0,2024-04-08,NaN:NaN,0,0,NaN:NaN,19:50:44,No Files,NO,
611,0,0,None,0,2024-04-08,NaN:NaN,0,0,NaN:NaN,19:50:44,No Files,NO,
612,0,0,None,0,2024-04-08,NaN:NaN,0,0,NaN:NaN,19:50:44,No Files,NO,
613,0,0,None,0,2024-04-08,NaN:NaN,0,0,NaN:NaN,19:50:44,No Files,NO,
614,0,0,None,0,2024-04-08,NaN:NaN,0,0,NaN:NaN,19:50:44,No Files,NO,
615,0,0,None,0,2024-04-08,NaN:NaN,0,0,NaN:NaN,19:50:44,No Files,NO,
616,0,0,None,0,2024-04-08,NaN:NaN,0,0,NaN:NaN,19:50:44,No Files,NO,
617,0,0,None,0,2024-04-08,NaN:NaN,0,0,NaN:NaN,19:50:44,No Files,NO,
618,0,0,None,0,2024-04-08,NaN:NaN,0,0,NaN:NaN,19:50:44,No Files,NO,
619,0,0,None,0,2024-04-08,NaN:NaN,0,0,NaN:NaN,19:50:44,No Files,NO,
620,0,0,None,0,2024-04-08,NaN:NaN,0,0,NaN:NaN,19:50:44,No Files,NO,
621,0,0,None,0,2024-04-08,NaN:NaN,0,0,NaN:NaN,19:50:44,No Files,NO,
622,0,0,None,0,2024-04-08,NaN:NaN,0,0,NaN:NaN,19:50:44,No Files,NO,
623,0,0,None,0,2024-04-08,NaN:NaN,0,0,NaN:NaN,19:50:44,No Files,NO,
624,0,0,None,0,2024-04-08,NaN:NaN,0,0,NaN:NaN,19:50:44,No Files,NO,
625,0,0,None,0,2024-04-08,NaN:NaN,0,0,NaN:NaN,19:50:44,No Files,NO,
626,0,0,None,0,2024-04-08,NaN:NaN,0,0,NaN:NaN,19:50:44,No Files,NO,
627,0,0,None,0,2024-04-08,NaN:NaN,0,0,NaN:NaN,19:50:44,No Files,NO,
628,0,0,None,0,2024-04-08,NaN:NaN,0,0,NaN:NaN,19:50:44,No Files,NO,
629,0,0,None,0,2024-04-08,NaN:NaN,0,0,NaN:NaN,19:50:44,No Files,NO,
630,0,0,None,0,2024-04-08,NaN:NaN,0,0,NaN:NaN,19:50:44,No Files,NO,
631,0,0,None,0,2024-04-08,NaN:NaN,0,0,NaN:NaN,19:50:44,No Files,NO,
632,0,0,None,0,2024-04-08,NaN:NaN,0,0,NaN:NaN,19:50:44,No Files,NO,
633,0,0,None,0,2024-04-08,NaN:NaN,0,0,NaN:NaN,19:50:44,No Files,NO,
634,0,0,None,0,2024-04-08,NaN:NaN,0,0,NaN:NaN,19:50:44,No Files,NO,
635,0,0,None,0,2024-04-08,NaN:NaN,0,0,NaN:NaN,19:50:44,No Files,NO,
636,0,0,None,0,2024-04-08,NaN:NaN,0,0,NaN:NaN,19:50:44,No Files,NO,
637,0,0,None,0,2024-04-08,NaN:NaN,0,0,NaN:NaN,19:50:44,No Files,NO,
638,0,0,None,0,2024-04-08,NaN:NaN,0,0,NaN:NaN,19:50:44,No Files,NO,
639,0,0,None,0,2024-04-08,NaN:NaN,0,0,NaN:NaN,19:50:44,No Files,NO,
640,0,0,None,0,2024-04-08,NaN:NaN,0,0,NaN:NaN,19:50:44,No Files,NO,
641,0,0,None,0,2024-04-08,NaN:NaN,0,0,NaN:NaN,19:50:44,No Files,NO,
642,0,0,None,0,2024-04-08,NaN:NaN,0,0,NaN:NaN,19:50:44,No Files,NO,
643,0,0,None,0,2024-04-08,NaN:NaN,0,0,NaN:NaN,19:50:44,No Files,NO,
644,0,0,None,0,2024-04-08,NaN:NaN,0,0,NaN:NaN,19:50:44,No Files,NO,
645,0,0,None,0,2024-04-08,NaN:NaN,0,0,NaN:NaN,19:50:44,No Files,NO,
646,0,0,None,0,2024-04-08,NaN:NaN,0,0,NaN:NaN,19:50:44,No Files,NO,
647,0,0,None,0,2024-04-08,NaN:NaN,0,0,NaN:NaN,19:50:44,No Files,NO,
648,0,0,None,0,2024-04-08,NaN:NaN,0,0,NaN:NaN,19:50:44,No Files,NO,
649,0,0,None,0,2024-04-08,NaN:NaN,0,0,NaN:NaN,19:50:44,No Files,NO,
650,0,0,None,0,2024-04-08,NaN:NaN,0,0,NaN:NaN,19:50:44,No Files,NO,
651,0,0,None,0,2024-04-08,NaN:NaN,0,0,NaN:NaN,19:50:44,No Files,NO,
652,0,0,None,0,2024-04-08,NaN:NaN,0,0,NaN:NaN,19:50:44,No Files,NO,
653,0,0,None,0,2024-04-08,NaN:NaN,0,0,NaN:NaN,19:50:44,No Files,NO,
654,0,0,None,0,2024-04-08,NaN:NaN,0,0,NaN:NaN,19:50:44,No Files,NO,
655,0,0,None,0,2024-04-08,NaN:NaN,0,0,NaN:NaN,19:50:44,No Files,NO,
656,40.10586,-88.2015,Partial,98.32,2024-04-08,17:47:59,0,0,20:20:38,19:05:12,Pease Lab,YES,NO
657,37.48431,-89.089,Total,100,2024-04-08,17:42:44,18:59:10,19:03:11,20:18:05,19:01:10,Pease Lab,YES,NO
658,0,0,None,0,2024-04-08,NaN:NaN,0,0,NaN:NaN,19:50:44,No Files,NO,
659,38.44125,-90.1341,Partial,99.61,2024-04-08,17:42:40,0,0,20:17:15,19:00:37,Pease Lab,YES,NO
660,37.62845,-89.0032,Total,100,2024-04-08,17:43:05,18:59:25,19:03:30,20:18:18,19:01:28,Pease Lab,YES,NO
661,41.36841,-88.202,Partial,94.46,2024-04-08,17:49:51,0,0,20:21:04,19:06:20,Pease Lab,YES,NO
662,39.31745,-89.747,Partial,98.01,2024-04-08,17:44:36,0,0,20:18:14,19:02:08,Pease Lab,YES,NO
663,0,0,None,0,2024-04-08,NaN:NaN,0,0,NaN:NaN,19:50:44,No Files,NO,
664,37.67213,-88.1794,Total,100,2024-04-08,17:44:25,19:01:08,19:04:26,20:19:25,19:02:47,Pease Lab,YES,NO
665,39.77373,-87.0203,Total,100,2024-04-08,17:49:12,19:05:22,19:07:51,20:22:02,19:06:37,Pease Lab,YES,NO
666,37.65459,-89.1693,Total,100,2024-04-08,17:42:52,18:59:10,19:03:18,20:18:05,19:01:14,Pease Lab,YES,NO
667,37.57629,-88.9146,Total,100,2024-04-08,17:43:08,18:59:33,19:03:32,20:18:23,19:01:32,Pease Lab,YES,NO
668,37.62061,-88.6159,Total,100,2024-04-08,17:43:40,19:00:09,19:03:57,20:18:49,19:02:03,Pease Lab,YES,NO
669,37.72196,-89.2368,Total,100,2024-04-08,17:42:52,18:59:08,19:03:16,20:18:03,19:01:12,Pease Lab,YES,NO
670,37.61979,-88.8876,Total,100,2024-04-08,17:43:15,18:59:37,19:03:38,20:18:27,19:01:38,Pease Lab,YES,NO
671,37.4445,-89.2074,Total,100,2024-04-08,17:42:30,18:58:55,19:02:58,20:17:54,19:00:57,Pease Lab,YES,NO
672,0,0,None,0,2024-04-08,NaN:NaN,0,0,NaN:NaN,19:50:44,No Files,NO,
673,40.20544,-90.4037,Partial,94.14,2024-04-08,17:45:06,0,0,20:17:44,19:02:04,Pease Lab,YES,NO
674,40.35665,-88.9752,Partial,96.27,2024-04-08,17:47:16,0,0,20:19:43,19:04:18,Pease Lab,YES,NO
675,37.7226,-89.2305,Total,100,2024-04-08,17:42:53,18:59:09,19:03:17,20:18:03,19:01:13,Pease Lab,YES,NO
676,38.1051,-90.0979,Total,100,2024-04-08,17:42:11,18:59:29,19:01:07,20:17:06,19:00:18,Pease Lab,YES,NO
677,39.64256,-89.6587,Partial,97.22,2024-04-08,17:45:14,0,0,20:18:30,19:02:36,Pease Lab,YES,NO
678,37.78371,-88.5227,Total,100,2024-04-08,17:44:03,19:00:24,19:04:20,20:19:02,19:02:22,Pease Lab,YES,NO
679,41.78628,-87.9255,Partial,93.6,2024-04-08,17:50:50,0,0,20:21:32,19:07:06,Pease Lab,YES,NO
680,37.95823,-88.6507,Total,100,2024-04-08,17:44:07,19:00:18,19:04:25,20:18:58,19:02:22,Pease Lab,YES,NO
681,37.67215,-89.2631,Total,100,2024-04-08,17:42:45,18:59:02,19:03:11,20:17:59,19:01:07,Pease Lab,YES,NO
682,40.55217,-89.6416,Partial,94.47,2024-04-08,17:46:40,0,0,20:18:54,19:03:31,Pease Lab,YES,NO
683,39.00586,-87.7389,Total,100,2024-04-08,17:47:02,19:02:59,19:06:39,20:20:45,19:04:49,Pease Lab,YES,NO
684,37.7246,-89.2454,Total,100,2024-04-08,17:42:52,18:59:07,19:03:16,20:18:02,19:01:12,Pease Lab,YES,NO
685,37.83484,-89.3815,Total,100,2024-04-08,17:42:50,18:59:06,19:03:07,20:17:55,19:01:06,Pease Lab,YES,NO
686,37.77625,-89.378,Total,100,2024-04-08,17:42:45,18:59:01,19:03:05,20:17:53,19:01:03,Pease Lab,YES,NO
687,0,0,None,0,2024-04-08,NaN:NaN,0,0,NaN:NaN,19:50:44,Pease Lab,YES,NO
688,40.53005,-90.2607,Partial,93.39,2024-04-08,17:45:48,0,0,20:18:03,19:02:36,Pease Lab,YES,NO
689,37.52483,-88.8577,Total,100,2024-04-08,17:43:09,18:59:38,19:03:31,20:18:26,19:01:34,Pease Lab,YES,NO
690,37.63287,-89.2328,Total,100,2024-04-08,17:42:45,18:59:02,19:03:11,20:18:00,19:01:07,Pease Lab,YES,NO
691,39.79936,-89.6436,Partial,96.78,2024-04-08,17:45:29,0,0,20:18:36,19:02:47,Pease Lab,YES,NO
692,41,-87,Partial,97.64,2024-04-08,17:50:58,0,0,20:22:30,19:07:44,Pease Lab,YES,NO
693,37.61196,-89.2399,Total,100,2024-04-08,17:42:42,18:59:00,19:03:09,20:17:58,19:01:05,Pease Lab,YES,NO
694,40.63586,-89.5118,Partial,94.44,2024-04-08,17:46:58,0,0,20:19:06,19:03:47,Pease Lab,YES,NO
695,38.02764,-89.0128,Total,100,2024-04-08,17:43:41,18:59:52,19:03:54,20:18:32,19:01:53,Pease Lab,YES,NO
696,40.86539,-90.3474,Partial,92.17,2024-04-08,17:46:13,0,0,20:18:03,19:02:48,Pease Lab,YES,NO
697,0,0,None,0,2024-04-08,NaN:NaN,0,0,NaN:NaN,19:50:44,No Files,NO,
698,42.5542,-90.6961,Partial,86.14,2024-04-08,17:48:29,0,0,20:18:00,19:03:53,Pease Lab,YES,NO
699,40.72644,-89.5041,Partial,94.17,2024-04-08,17:47:07,0,0,20:19:09,19:03:53,Pease Lab,YES,NO
700,37.71174,-89.2772,Total,100,2024-04-08,17:42:48,18:59:04,19:03:12,20:17:59,19:01:08,Pease Lab,YES,NO
701,39.17556,-89.5022,Partial,98.79,2024-04-08,17:44:43,0,0,20:18:30,19:02:21,Pease Lab,YES,NO
702,0,0,None,0,2024-04-08,NaN:NaN,0,0,NaN:NaN,19:50:44,No Files,NO,
703,37.71623,-89.2283,Total,100,2024-04-08,17:42:53,18:59:08,19:03:17,20:18:03,19:01:13,Pease Lab,YES,NO
704,39.7379,-90.4375,Partial,95.52,2024-04-08,17:44:18,0,0,20:17:29,19:01:32,Pease Lab,YES,NO
705,40.69299,-89.7884,Partial,93.75,2024-04-08,17:46:41,0,0,20:18:45,19:03:27,Pease Lab,YES,NO
706,37.45517,-89.2612,Total,100,2024-04-08,17:42:26,18:58:50,19:02:55,20:17:50,19:00:52,Pease Lab,YES,NO
707,37.70528,-89.3763,Total,100,2024-04-08,17:42:38,18:58:55,19:03:02,20:17:51,19:00:58,Pease Lab,YES,NO
708,0,0,None,0,2024-04-08,NaN:NaN,0,0,NaN:NaN,19:50:44,No Files,NO,
709,0,0,None,0,2024-04-08,NaN:NaN,0,0,NaN:NaN,19:50:44,No Files,NO,
710,40.69459,-89.5904,Partial,94.11,2024-04-08,17:46:57,0,0,20:19:01,19:03:44,Pease Lab,YES,NO
711,41.91337,-88.3156,Partial,92.51,2024-04-08,17:50:31,0,0,20:21:03,19:06:39,Pease Lab,YES,NO
712,38.25294,-88.8548,Total,100,2024-04-08,17:44:15,19:00:25,19:04:18,20:18:53,19:02:22,Pease Lab,YES,NO
713,40.56619,-89.5848,Partial,94.53,2024-04-08,17:46:46,0,0,20:18:59,19:03:37,Pease Lab,YES,NO
714,0,0,None,0,2024-04-08,NaN:NaN,0,0,NaN:NaN,19:50:44,No Files,NO,
715,37.71448,-88.8388,Total,100,2024-04-08,17:43:28,18:59:46,19:03:50,20:18:34,19:01:49,Pease Lab,YES,NO
716,37.72528,-89.2167,Total,100,2024-04-08,17:42:54,18:59:10,19:03:18,20:18:04,19:01:14,Pease Lab,YES,NO
717,0,0,None,0,2024-04-08,NaN:NaN,0,0,NaN:NaN,19:50:44,No Files,NO,
718,40.68258,-89.5438,Partial,94.24,2024-04-08,17:47:00,0,0,20:19:05,19:03:47,Pease Lab,YES,NO
719,40.70346,-89.4037,Partial,94.43,2024-04-08,17:47:13,0,0,20:19:16,19:04:01,Pease Lab,YES,NO
720,38.1051,-90.0979,Total,100,2024-04-08,17:42:11,18:59:29,19:01:07,20:17:06,19:00:18,Pease Lab,YES,NO
721,38.40348,-90.1091,Partial,99.72,2024-04-08,17:42:39,0,0,20:17:16,19:00:37,Pease Lab,YES,NO
722,0,0,None,0,2024-04-08,NaN:NaN,0,0,NaN:NaN,19:50:44,No Files,NO,
723,0,0,None,0,2024-04-08,NaN:NaN,0,0,NaN:NaN,19:50:44,No Files,NO,
724,37.60776,-89.2388,Total,100,2024-04-08,17:42:42,18:59:00,19:03:09,20:17:58,19:01:04,Pease Lab,YES,NO
725,0,0,None,0,2024-04-08,NaN:NaN,0,0,NaN:NaN,19:50:44,No Files,NO,
726,38.54339,-89.0925,Total,100,2024-04-08,17:44:21,19:00:57,19:03:40,20:18:43,19:02:18,Pease Lab,YES,NO
727,40.42623,-90.0291,Partial,94.15,2024-04-08,17:45:57,0,0,20:18:20,19:02:50,Pease Lab,YES,NO
728,38.91429,-90.0384,Partial,98.63,2024-04-08,17:43:33,0,0,20:17:38,19:01:16,Pease Lab,YES,NO
729,41.44734,-88.7624,Partial,93.22,2024-04-08,17:49:13,0,0,20:20:21,19:05:37,Pease Lab,YES,NO
730,40.73498,-89.5552,Partial,94.05,2024-04-08,17:47:04,0,0,20:19:05,19:03:49,Pease Lab,YES,NO
731,0,0,None,0,2024-04-08,NaN:NaN,0,0,NaN:NaN,19:50:44,No Files,NO,
732,37.24242,-89.1192,Total,100,2024-04-08,17:42:19,18:59:01,19:02:42,20:17:53,19:00:51,Pease Lab,YES,NO
733,37.68828,-89.1277,Total,100,2024-04-08,17:42:59,18:59:16,19:03:24,20:18:10,19:01:20,Pease Lab,YES,NO
734,0,0,None,0,2024-04-08,NaN:NaN,0,0,NaN:NaN,19:50:44,No Files,NO,
735,37.67178,-89.261,Total,100,2024-04-08,17:42:46,18:59:02,19:03:11,20:17:59,19:01:07,Pease Lab,YES,NO
736,37.71765,-89.2346,Total,100,2024-04-08,17:42:52,18:59:08,19:03:16,20:18:03,19:01:12,Pease Lab,YES,NO
737,0,0,None,0,2024-04-08,NaN:NaN,0,0,NaN:NaN,19:50:44,No Files,NO,
738,37.72284,-89.3517,Total,100,2024-04-08,17:42:42,18:58:58,19:03:05,20:17:53,19:01:02,Pease Lab,YES,NO
739,37.72528,-89.2167,Total,100,2024-04-08,17:42:54,18:59:10,19:03:18,20:18:04,19:01:14,Pease Lab,YES,NO
740,37.75332,-89.0672,Total,100,2024-04-08,17:43:11,18:59:26,19:03:34,20:18:17,19:01:30,Pease Lab,YES,NO
741,37.71643,-89.3765,Total,100,2024-04-08,17:42:39,18:58:56,19:03:02,20:17:51,19:00:59,Pease Lab,YES,NO
742,0,0,None,0,2024-04-08,NaN:NaN,0,0,NaN:NaN,19:50:44,No Files,NO,
743,0,0,None,0,2024-04-08,NaN:NaN,0,0,NaN:NaN,19:50:44,No Files,NO,
744,0,0,None,0,2024-04-08,NaN:NaN,0,0,NaN:NaN,19:50:44,No Files,NO,
745,0,0,None,0,2024-04-08,NaN:NaN,0,0,NaN:NaN,19:50:44,No Files,NO,
746,0,0,None,0,2024-04-08,NaN:NaN,0,0,NaN:NaN,19:50:44,No Files,NO,
747,37.67464,-89.2656,Total,100,2024-04-08,17:42:45,18:59:02,19:03:11,20:17:58,19:01:06,Pease Lab,YES,NO
748,38.61252,-90.3128,Partial,98.97,2024-04-08,17:42:41,0,0,20:17:06,19:00:32,Pease Lab,YES,NO
749,40.609,-89.37,Partial,94.78,2024-04-08,17:47:07,0,0,20:19:17,19:03:58,Pease Lab,YES,NO
750,0,0,None,0,2024-04-08,NaN:NaN,0,0,NaN:NaN,19:50:44,No Files,NO,
751,0,0,None,0,2024-04-08,NaN:NaN,0,0,NaN:NaN,19:50:44,No Files,NO,
752,0,0,None,0,2024-04-08,NaN:NaN,0,0,NaN:NaN,19:50:44,No Files,NO,
753,0,0,None,0,2024-04-08,NaN:NaN,0,0,NaN:NaN,19:50:44,No Files,NO,
754,0,0,None,0,2024-04-08,NaN:NaN,0,0,NaN:NaN,19:50:44,No Files,NO,
755,29.67675,-98.62011,Total,100,2024-04-08,17:14:42,18:33:00,18:35:54,19:55:47,18:34:27,Good deployment,YES,YES
756,32.783939,-96.585562,Total,100,2024-04-08,17:23:31,18:40:51,18:44:57,20:02:55,18:42:54,Good deployment,YES,YES
757,29.68731,-98.35259,Total,100,2024-04-08,17:15:07,18:34:10,18:35:41,19:56:14,18:34:55,Failed on the 9th,NO,YES
758,29.55279,-98.74542,Total,100,2024-04-08,17:14:17,18:32:36,18:35:28,19:55:25,18:34:02,Failed on the 9th,NO,YES
759,28.7111,-100.46128,Total,100,2024-04-08,17:10:11,18:27:30,18:31:53,19:51:22,18:29:41,Good deployment,YES,YES
760,29.38291,-100.92381,Total,100,2024-04-08,17:10:52,18:28:30,18:31:43,19:51:31,18:30:07,two hour recordings each day,NO,YES
761,28.85925,-100.52555,Total,100,2024-04-08,17:10:23,18:27:37,18:32:04,19:51:28,18:29:51,Good deployment,YES,NO
762,30.386361,-98.860931,Total,100,2024-04-08,17:15:43,18:33:03,18:37:28,19:56:20,18:35:16,Good deployment,YES,YES
763,30.19588,-98.83707,Total,100,2024-04-08,17:15:23,18:32:48,18:37:09,19:56:08,18:34:59,Good deployment,YES,YES
764,30.493044,-98.832651,Total,100,2024-04-08,17:15:57,18:33:17,18:37:42,19:56:31,18:35:29,1970s,NO,YES
765,28.15207,-96.98014,Partial,93.52,2024-04-08,17:14:23,0,0,19:56:12,18:34:36,No Files,NO,
766,27.629903,-97.30516,Partial,92.88,2024-04-08,17:12:55,0,0,19:54:53,18:33:07,No Files,NO,
767,28.46769,-96.49708,Partial,93.19,2024-04-08,17:15:45,0,0,19:57:26,18:35:59,No Files,NO,
768,23.3051,-106.4938,Total,100,2024-04-08,16:51:23,18:07:28,18:11:35,19:32:02,18:09:32,Good deployment,YES,YES
769,45.4960044,-70.8933287,Total,100,2024-04-08,18:17:54,19:28:41,19:32:09,20:38:55,19:30:26,Good deployment,YES,YES
770,40.6855659,-82.6175365,Total,100,2024-04-08,17:56:57,19:12:06,19:15:20,20:27:39,19:13:43,Failed on the 8th,NO,YES
771,0,0,None,0,2024-04-08,NaN:NaN,0,0,NaN:NaN,19:50:44,No Files,NO,
772,40.398417,-82.416478,Total,100,2024-04-08,17:56:55,19:13:17,19:14:18,20:27:47,19:13:48,No Files,NO,
773,0,0,None,0,2024-04-08,NaN:NaN,0,0,NaN:NaN,19:50:44,No Files,NO,
774,42.078318,-82.493286,Total,100,2024-04-08,17:58:46,19:13:46,19:15:55,20:28:07,19:14:51,No Files,NO,
775,0,0,None,0,2024-04-08,NaN:NaN,0,0,NaN:NaN,19:50:44,No Files,NO,
776,0,0,None,0,2024-04-08,NaN:NaN,0,0,NaN:NaN,19:50:44,No Files,NO,
777,34.75964,-92.31847,Total,100,2024-04-08,17:33:25,18:51:22,18:54:03,20:11:25,18:52:43,No Files,NO,
778,0,0,None,0,2024-04-08,NaN:NaN,0,0,NaN:NaN,19:50:44,No Files,NO,
779,40.3737,-82.4061,Total,100,2024-04-08,17:56:54,19:13:37,19:13:57,20:27:47,19:13:47,1970s and failed on day 2,NO,YES
780,38.013494,-87.551665,Total,100,2024-04-08,17:45:53,19:02:30,19:05:41,20:20:27,19:04:06,No Files,NO,
781,0,0,None,0,2024-04-08,NaN:NaN,0,0,NaN:NaN,19:50:44,1970s,NO,YES
782,41.319283,-80.831393,Total,100,2024-04-08,18:00:21,19:15:23,19:17:53,20:29:47,19:16:38,Failed on the 8th,NO,YES
783,29.5769118,-98.5677935,Total,100,2024-04-08,17:14:35,18:33:17,18:35:27,19:55:44,18:34:22,Failed on the 8th,NO,YES
784,43.97089,-69.21483,Partial,96.63,2024-04-08,18:19:26,0,0,20:40:26,19:32:07,No Files,NO,
785,0,0,None,0,2024-04-08,NaN:NaN,0,0,NaN:NaN,19:50:44,No Files,NO,
786,41.40948,-81.41458,Total,100,2024-04-08,17:59:35,19:14:06,19:17:40,20:29:11,19:15:53,Failed on the 9th,NO,YES
787,41.54538,-81.63241,Total,100,2024-04-08,17:59:24,19:13:46,19:17:35,20:28:58,19:15:41,Failed on the 8th,NO,YES
788,41.36953,-81.60655,Total,100,2024-04-08,17:59:15,19:13:46,19:17:25,20:28:58,19:15:36,Failed on the 8th,NO,YES
789,37.608069,-89.244389,Total,100,2024-04-08,17:42:41,18:59:00,19:03:08,20:17:58,19:01:04,1970s,NO,YES
790,42.52785,-78.60831,Total,100,2024-04-08,18:04:53,19:18:37,19:21:58,20:32:18,19:20:18,No Files,NO,
791,39.39719,-96.73761,Partial,83.82,2024-04-08,17:35:42,0,0,20:07:58,18:51:49,Good deployment,YES,YES
792,28.53463,-99.88162,Total,100,2024-04-08,17:10:40,18:28:50,18:31:51,19:52:05,18:30:21,Good deployment,YES,YES
793,39.7486,-84.91857,Total,100,2024-04-08,17:52:18,19:07:48,19:11:32,20:24:37,19:09:40,No Files,NO,
794,39.806336,-84.9721271,Total,100,2024-04-08,17:52:17,19:07:43,19:11:34,20:24:35,19:09:39,No Files,NO,
795,39.836701,-84.838096,Total,100,2024-04-08,17:52:32,19:07:58,19:11:46,20:24:45,19:09:52,No Files,NO,
796,39.863,-84.872874,Total,100,2024-04-08,17:52:31,19:07:54,19:11:46,20:24:43,19:09:50,No Files,NO,
797,40.61,-89.37,Partial,94.78,2024-04-08,17:47:07,0,0,20:19:17,19:03:58,Pease Lab,YES,NO
798,37.71831,-88.1858,Total,100,2024-04-08,17:44:28,19:01:06,19:04:32,20:19:26,19:02:49,Pease Lab,YES,NO
799,0,0,None,0,2024-04-08,NaN:NaN,0,0,NaN:NaN,19:50:44,No Files,NO,
800,30.378841,-97.846125,Total,100,2024-04-08,17:17:10,18:35:28,18:38:24,19:57:59,18:36:56,Failed on the 8th,NO,YES
801,0,0,None,0,2024-04-08,NaN:NaN,0,0,NaN:NaN,19:50:44,No Files,NO,
802,0,0,None,0,2024-04-08,NaN:NaN,0,0,NaN:NaN,19:50:44,No Files,NO,
803,37.53652,-89.2003,Total,100,2024-04-08,17:42:39,18:59:00,19:03:07,20:17:58,19:01:03,Pease Lab,YES,NO
804,0,0,None,0,2024-04-08,NaN:NaN,0,0,NaN:NaN,19:50:44,No Files,NO,
805,42.163707,-83.643623,Partial,99.12,2024-04-08,17:57:14,0,0,20:26:50,19:13:20,Failed on the 8th,NO,YES
806,39.755444,-84.352028,Total,100,2024-04-08,17:53:10,19:08:59,19:12:02,20:25:18,19:10:30,Good deployment,YES,YES
807,37.38289,-77.49917,Partial,82.45,2024-04-08,18:02:08,0,0,20:31:32,19:18:45,Failed on the 8th,NO,YES
808,44.4778,-72.9859,Total,100,2024-04-08,18:14:28,19:26:21,19:29:28,20:37:26,19:27:55,No Files,NO,
809,41.42537,-81.16001,Total,100,2024-04-08,17:59:59,19:14:34,19:17:56,20:29:28,19:16:15,Good deployment,YES,YES
810,43.0127407,-88.3086583,Partial,88.93,2024-04-08,17:52:09,0,0,20:21:15,19:07:34,Good deployment,YES,YES
811,43.0111923,-88.3156509,Partial,88.93,2024-04-08,17:52:09,0,0,20:21:15,19:07:34,March Dates,NO,YES
812,38.914312,-95.22715,Partial,88.46,2024-04-08,17:36:38,0,0,20:10:05,18:53:29,Failed on the 8th,NO,YES
813,0,0,None,0,2024-04-08,NaN:NaN,0,0,NaN:NaN,19:50:44,No Files,NO,
814,0,0,None,0,2024-04-08,NaN:NaN,0,0,NaN:NaN,19:50:44,No Files,NO,
815,0,0,None,0,2024-04-08,NaN:NaN,0,0,NaN:NaN,19:50:44,No Files,NO,
816,0,0,None,0,2024-04-08,NaN:NaN,0,0,NaN:NaN,19:50:44,No Files,NO,
817,0,0,None,0,2024-04-08,NaN:NaN,0,0,NaN:NaN,19:50:44,No Files,NO,
818,0,0,None,0,2024-04-08,NaN:NaN,0,0,NaN:NaN,19:50:44,No Files,NO,
819,0,0,None,0,2024-04-08,NaN:NaN,0,0,NaN:NaN,19:50:44,No Files,NO,
820,43.647154,-79.498159,Partial,99.82,2024-04-08,18:04:43,0,0,20:31:28,19:19:41,Good deployment,YES,YES
821,0,0,None,0,2024-04-08,NaN:NaN,0,0,NaN:NaN,19:50:44,No Files,NO,
822,0,0,None,0,2024-04-08,NaN:NaN,0,0,NaN:NaN,19:50:44,No Files,NO,
823,0,0,None,0,2024-04-08,NaN:NaN,0,0,NaN:NaN,19:50:44,No Files,NO,
824,0,0,None,0,2024-04-08,NaN:NaN,0,0,NaN:NaN,19:50:44,No Files,NO,
825,0,0,None,0,2024-04-08,NaN:NaN,0,0,NaN:NaN,19:50:44,No Files,NO,
826,0,0,None,0,2024-04-08,NaN:NaN,0,0,NaN:NaN,19:50:44,No Files,NO,
827,0,0,None,0,2024-04-08,NaN:NaN,0,0,NaN:NaN,19:50:44,Failed on the 8th,NO,YES
828,42.51349,-72.4854,Partial,94.77,2024-04-08,18:13:58,0,0,20:37:54,19:28:02,Good deployment,YES,YES
829,41.014259,-73.872704,Partial,90.88,2024-04-08,18:10:54,0,0,20:36:30,19:25:47,1970s and two days,NO,YES
830,39.93093,-83.86388,Total,100,2024-04-08,17:54:08,19:09:58,19:12:44,20:25:57,19:11:21,Failed on the 7th,NO,YES
831,0,0,None,0,2024-04-08,NaN:NaN,0,0,NaN:NaN,19:50:44,No Files,NO,
832,44.6344825,-75.6129557,Total,100,2024-04-08,18:10:58,19:23:32,19:26:12,20:35:08,19:24:52,No Files,NO,
833,30.22784,-97.89896,Total,100,2024-04-08,17:16:49,18:35:22,18:37:50,19:57:42,18:36:36,Failed on the 8th,NO,YES
834,30.148453,-97.861088,Total,100,2024-04-08,17:16:43,18:35:40,18:37:23,19:57:40,18:36:32,Good deployment,YES,YES
835,39.56209,-84.74814,Total,100,2024-04-08,17:52:19,19:08:13,19:11:19,20:24:45,19:09:46,Good deployment,YES,YES
836,40.2268622,-82.9787107,Total,100,2024-04-08,17:55:51,19:11:52,19:13:51,20:27:05,19:12:52,Good deployment,YES,YES
837,39.81412,-84.36908,Total,100,2024-04-08,17:53:13,19:08:54,19:12:09,20:25:18,19:10:32,No Files,NO,
838,45.26248137,-69.17431401,Total,100,2024-04-08,18:20:03,19:31:19,19:33:12,20:40:16,19:32:16,No Files,NO,
839,45.177662,-72.71201,Total,100,2024-04-08,18:15:17,19:26:39,19:30:04,20:37:33,19:28:22,No Files,NO,
840,0,0,None,0,2024-04-08,NaN:NaN,0,0,NaN:NaN,19:50:44,No Files,NO,
841,45.52347,-73.56863,Total,100,2024-04-08,18:14:23,19:26:53,19:28:01,20:36:46,19:27:27,1970s,NO,YES
842,29.8577,-98.1949,Total,100,2024-04-08,17:15:40,18:34:36,18:36:22,19:56:44,18:35:29,No Files,NO,
843,44.7284033,-72.7542825,Total,100,2024-04-08,18:14:56,19:26:32,19:29:56,20:37:35,19:28:14,No Files,NO,
844,32.20162,-97.02453,Total,100,2024-04-08,17:21:48,18:39:06,18:43:25,20:01:34,18:41:16,No Files,NO,
845,38.640373,-89.097176,Total,100,2024-04-08,17:44:29,19:01:18,19:03:30,20:18:46,19:02:24,Pease Lab,YES,NO
846,23.2487036,-106.449954,Total,100,2024-04-08,16:51:19,18:07:22,18:11:36,19:32:01,18:09:29,No Files,NO,
847,43.0539,-79.13847,Total,100,2024-04-08,18:04:38,19:18:06,19:21:37,20:31:49,19:19:52,Good deployment,YES,YES
848,0,0,None,0,2024-04-08,NaN:NaN,0,0,NaN:NaN,19:50:44,No Files,NO,
849,41.60848,-82.68669,Total,100,2024-04-08,17:57:56,19:12:31,19:16:01,20:27:49,19:14:16,Good deployment,YES,YES
850,30.44139,-99.80474,Total,100,2024-04-08,17:14:30,18:32:13,18:35:22,19:54:50,18:33:47,No Files,NO,
851,44.45806,-73.1975,Total,100,2024-04-08,18:14:09,19:26:03,19:29:16,20:37:15,19:27:40,No Files,NO,
852,33.12911,-96.06161,Total,100,2024-04-08,17:24:55,18:42:11,18:46:22,20:04:08,18:44:17,No Files,NO,
853,41.07831,-81.53961,Total,100,2024-04-08,17:59:01,19:14:04,19:16:55,20:28:58,19:15:30,No Files,NO,
854,41.0821,-81.54366,Total,100,2024-04-08,17:59:01,19:14:04,19:16:56,20:28:57,19:15:30,No Files,NO,
855,0,0,None,0,2024-04-08,NaN:NaN,0,0,NaN:NaN,19:50:44,No Files,NO,
856,39.283695,-86.762197,Total,100,2024-04-08,17:48:53,19:04:32,19:08:32,20:22:08,19:06:32,No Files,NO,
857,37.927988,-88.686035,Total,100,2024-04-08,17:44:01,19:00:13,19:04:20,20:18:55,19:02:16,No Files,NO,
858,0,0,None,0,2024-04-08,NaN:NaN,0,0,NaN:NaN,19:50:44,No Files,NO,
859,0,0,None,0,2024-04-08,NaN:NaN,0,0,NaN:NaN,19:50:44,No Files,NO,
860,38.14622,-84.68091,Partial,97.3,2024-04-08,17:50:36,0,0,20:24:07,19:08:36,No Files,NO,
861,40.7030809,-81.9932044,Total,100,2024-04-08,17:57:55,19:13:36,19:15:37,20:28:21,19:14:37,No Files,NO,
862,40.7270198,-81.9699569,Total,100,2024-04-08,17:57:59,19:13:36,19:15:43,20:28:23,19:14:40,1970s,NO,YES
863,44.773181,-71.128097,Total,100,2024-04-08,18:17:11,19:29:00,19:31:10,20:38:53,19:30:05,Failed on the 8th,NO,YES
864,29.378005,-99.27359,Total,100,2024-04-08,17:13:11,18:30:57,18:34:45,19:54:18,18:32:51,No Files,NO,
865,32.5413804,-97.2668452,Total,100,2024-04-08,17:22:05,18:39:40,18:43:08,20:01:34,18:41:24,Failed on the 8th,NO,YES
866,31.0334071,-97.9066345,Total,100,2024-04-08,17:18:19,18:35:45,18:40:06,19:58:44,18:37:55,1970s,NO,YES
867,40.1741,-75.26777,Partial,89.59,2024-04-08,18:08:05,0,0,20:35:01,19:23:34,No Files,NO,
868,92.1725,-34.459,None,0,2024-04-08,NaN:NaN,0,0,NaN:NaN,17:31:18,No Files,NO,
869,30.5065166,-98.8301321,Total,100,2024-04-08,17:15:59,18:33:18,18:37:43,19:56:33,18:35:31,No Files,NO,
870,41.407742,-71.8148763,Partial,89.8,2024-04-08,18:14:22,0,0,20:38:19,19:28:32,Failed on the 7th,NO,YES
871A,25.5173491,-103.4371976,Total,100,2024-04-08,16:59:46,18:16:45,18:20:55,19:41:17,18:18:50,No Files,NO,
871,39.1600096,-86.5882744,Total,100,2024-04-08,17:48:58,19:04:39,19:08:42,20:22:18,19:06:41,No Files,NO,
872,34.75144,-92.28925,Total,100,2024-04-08,17:33:26,18:51:28,18:54:01,20:11:27,18:52:45,No Files,NO,
873,40.207739,-84.305955,Total,100,2024-04-08,17:53:49,19:09:00,19:12:53,20:25:32,19:10:56,No Files,NO,
874,32.77622,-97.09121,Total,100,2024-04-08,17:22:47,18:40:27,18:43:39,20:02:06,18:42:03,Failed Deployment,NO,NO
875,36.7787149,-90.4292413,Total,100,2024-04-08,17:39:36,18:56:11,19:00:21,20:15:46,18:58:16,No Files,NO,
876,36.77501,-90.93178,Total,100,2024-04-08,17:38:50,18:55:25,18:59:33,20:15:04,18:57:29,Good deployment,YES,YES
877,36.8068494,-90.5477812,Total,100,2024-04-08,17:39:28,18:56:01,19:00:13,20:15:38,18:58:07,Good deployment,YES,YES
878,36.8949341,-90.3967577,Total,100,2024-04-08,17:39:50,18:56:22,19:00:33,20:15:54,18:58:28,Good deployment,YES,YES
879,36.8068494,-90.5477812,Total,100,2024-04-08,17:39:28,18:56:01,19:00:13,20:15:38,18:58:07,No Files,NO,
880,37.18296293,-89.66131726,Total,100,2024-04-08,17:41:24,18:57:54,19:01:59,20:17:07,18:59:57,No Files,NO,
881,37.284,-89.1653,Total,100,2024-04-08,17:42:19,18:58:55,19:02:44,20:17:51,19:00:50,Good deployment,YES,YES
882,0,0,None,0,2024-04-08,NaN:NaN,0,0,NaN:NaN,19:50:44,No Files,NO,
883,36.7894841,-90.41492,Total,100,2024-04-08,17:39:38,18:56:14,19:00:23,20:15:48,18:58:19,Good deployment,YES,YES
884,0,0,None,0,2024-04-08,NaN:NaN,0,0,NaN:NaN,19:50:44,No Files,NO,
885,0,0,None,0,2024-04-08,NaN:NaN,0,0,NaN:NaN,19:50:44,No Files,NO,
886,34.75076,-92.28919,Total,100,2024-04-08,17:33:26,18:51:28,18:54:01,20:11:27,18:52:45,No Files,NO,
887,36.747454,-90.434402,Total,100,2024-04-08,17:39:32,18:56:09,19:00:18,20:15:44,18:58:14,1970s,NO,YES
888,45.97942,-60.22504,Partial,96.99,2024-04-08,18:31:31,0,0,20:45:30,19:40:48,No Files,NO,
889,45.4566667,-73.644167,Total,100,2024-04-08,18:14:14,19:26:34,19:28:08,20:36:43,19:27:21,No Files,NO,
890,41.139588,-81.4442947,Total,100,2024-04-08,17:59:14,19:14:13,19:17:08,20:29:05,19:15:40,Good deployment,YES,YES
891,41.138799,-81.4425,Total,100,2024-04-08,17:59:14,19:14:13,19:17:08,20:29:05,19:15:41,Failed on the 8th,NO,YES
892,0,0,None,0,2024-04-08,NaN:NaN,0,0,NaN:NaN,19:50:44,No Files,NO,
893,0,0,None,0,2024-04-08,NaN:NaN,0,0,NaN:NaN,19:50:44,No Files,NO,
894,41.2667717,-82.3261822,Total,100,2024-04-08,17:58:04,19:12:36,19:16:28,20:28:08,19:14:32,No Files,NO,
895,34.57056,-94.27029,Total,100,2024-04-08,17:30:08,18:47:15,18:51:20,20:08:21,18:49:18,No Files,NO,
896,40.13944,-75.24009,Partial,89.42,2024-04-08,18:08:07,0,0,20:35:02,19:23:36,No Files,NO,
897,0,0,None,0,2024-04-08,NaN:NaN,0,0,NaN:NaN,19:50:44,No Files,NO,
898,0,0,None,0,2024-04-08,NaN:NaN,0,0,NaN:NaN,19:50:44,No Files,NO,
899,0,0,None,0,2024-04-08,NaN:NaN,0,0,NaN:NaN,19:50:44,No Files,NO,
900,0,0,None,0,2024-04-08,NaN:NaN,0,0,NaN:NaN,19:50:44,No Files,NO,
901,40.96383,-81.55973,Total,100,2024-04-08,17:58:52,19:14:12,19:16:35,20:28:54,19:15:24,1970s,NO,
902,41.13541,-82.21573,Total,100,2024-04-08,17:58:04,19:12:44,19:16:27,20:28:14,19:14:36,Good deployment,YES,YES
903,41.01536,-81.35731,Total,100,2024-04-08,17:59:14,19:14:38,19:16:47,20:29:09,19:15:43,Good deployment,YES,YES
904,43.82037,-73.49393,Partial,99.95,2024-04-08,18:13:19,0,0,20:37:04,19:27:10,No Files,NO,
905,42.42045,-71.2371,Partial,92.99,2024-04-08,18:15:46,0,0,20:38:55,19:29:31,Failed on the 6th,NO,YES
906,42.10508,-79.4981,Total,100,2024-04-08,18:03:10,19:17:17,19:20:31,20:31:21,19:18:54,Good deployment,YES,YES
907,44.5064115,-74.9499764,Total,100,2024-04-08,18:11:47,19:23:53,19:27:21,20:35:45,19:25:37,Failed on the 7th,NO,YES
908,44.5054843,-74.9494607,Total,100,2024-04-08,18:11:47,19:23:53,19:27:21,20:35:45,19:25:37,No Files,NO,
909,42.5243,-83.155,Partial,98.75,2024-04-08,17:58:22,0,0,20:27:27,19:14:14,No Files,NO,
910,42.8435434,-76.9886943,Total,100,2024-04-08,18:07:32,19:21:25,19:23:39,20:33:55,19:22:32,No Files,NO,
911,0,0,None,0,2024-04-08,NaN:NaN,0,0,NaN:NaN,19:50:44,No Files,NO,
912,42.0729086,-71.450002,Partial,91.91,2024-04-08,18:15:17,0,0,20:38:43,19:29:10,No Files,NO,
913,30.149681,-98.0432689,Total,100,2024-04-08,17:16:27,18:34:52,18:37:35,19:57:22,18:36:13,Good deployment,YES,YES
914,32.55141,-97.09196,Total,100,2024-04-08,17:22:21,18:39:48,18:43:36,20:01:51,18:41:42,Failed on the 8th,NO,YES
915,0,0,None,0,2024-04-08,NaN:NaN,0,0,NaN:NaN,19:50:44,No Files,NO,
916,43.07334702,-77.81481803,Total,100,2024-04-08,18:06:33,19:19:45,19:23:24,20:33:08,19:21:34,Good deployment,YES,YES
917,42.02661947,-74.18379146,Partial,95.03,2024-04-08,18:11:05,0,0,20:36:24,19:25:46,Good deployment,YES,YES
918,29.8022951,-98.3969175,Total,100,2024-04-08,17:15:16,18:33:46,18:36:19,19:56:19,18:35:03,Failed on the 8th,NO,YES
919,43.99088,-69.63999,Partial,97.11,2024-04-08,18:18:50,0,0,20:40:07,19:31:39,Good deployment,YES,YES
920,43.18657,-77.75444,Total,100,2024-04-08,18:06:44,19:19:51,19:23:33,20:33:11,19:21:42,Failed on the 9th,NO,YES
921,37.69564,-89.31541,Total,100,2024-04-08,17:42:43,18:58:59,19:03:07,20:17:55,19:01:03,No Files,NO,
922,44.347197,-72.993761,Total,100,2024-04-08,18:14:22,19:26:30,19:29:15,20:37:26,19:27:53,Good deployment,YES,YES
923,38.03153,-78.52409,Partial,86.49,2024-04-08,18:00:52,0,0,20:30:54,19:17:42,Good deployment,YES,YES
924,45.128094,-72.297558,Total,100,2024-04-08,18:15:49,19:27:04,19:30:35,20:37:54,19:28:49,No Files,NO,
925,45.427141,-73.935098,Total,100,2024-04-08,18:13:50,19:26:34,19:27:29,20:36:29,19:27:01,No Files,NO,
926,43.5687744,-71.7461471,Partial,97.73,2024-04-08,18:15:39,0,0,20:38:31,19:29:10,Good deployment,YES,YES
927,0,0,None,0,2024-04-08,NaN:NaN,0,0,NaN:NaN,19:50:44,No Files,NO,
928,30.5624642,-97.7755493,Total,100,2024-04-08,17:17:37,18:35:41,18:39:03,19:58:21,18:37:22,Failed on the 8th,NO,YES
929,38.49779,-88.26842,Total,100,2024-04-08,17:45:30,19:01:31,19:05:30,20:19:48,19:03:30,Good deployment,YES,YES
930,38.48962,-88.25138,Total,100,2024-04-08,17:45:31,19:01:31,19:05:31,20:19:49,19:03:32,Good deployment,YES,YES
931,42.92788,-76.53153,Total,100,2024-04-08,18:08:16,19:22:19,19:23:58,20:34:21,19:23:09,No Files,NO,
932,0,0,None,0,2024-04-08,NaN:NaN,0,0,NaN:NaN,19:50:44,Good deployment,YES,YES
933,42.62369369,-78.5394427,Total,100,2024-04-08,18:05:04,19:18:42,19:22:10,20:32:23,19:20:26,Good deployment,YES,YES
934,0,0,None,0,2024-04-08,NaN:NaN,0,0,NaN:NaN,19:50:44,No Files,NO,
935,0,0,None,0,2024-04-08,NaN:NaN,0,0,NaN:NaN,19:50:44,No Files,NO,
936,41.53953,-81.32313,Total,100,2024-04-08,17:59:52,19:14:15,19:17:57,20:29:18,19:16:06,six hour recordings each day,NO,YES
937,36.97123,-90.2074,Total,100,2024-04-08,17:40:14,18:56:46,19:00:56,20:16:13,18:58:51,Failed on the 8th,NO,YES
938,41.32766,-85.69758,Partial,98.66,2024-04-08,17:53:15,0,0,20:24:13,19:09:51,Good deployment,YES,YES
939,45.128507,-72.295065,Total,100,2024-04-08,18:15:49,19:27:04,19:30:35,20:37:54,19:28:50,No Files,NO,
940,30.671389,-96.301389,Partial,98.7,2024-04-08,17:20:03,0,0,20:00:50,18:40:01,Failed on the 8th,NO,YES
941,45.430828,-73.94475,Total,100,2024-04-08,18:13:49,19:26:36,19:27:25,20:36:28,19:27:01,No Files,NO,
942,45.412799,-73.944045,Total,100,2024-04-08,18:13:48,19:26:28,19:27:33,20:36:28,19:27:00,No Files,NO,
943,45.402917,-73.941094,Total,100,2024-04-08,18:13:48,19:26:24,19:27:37,20:36:29,19:27:01,No Files,NO,
944,40.6076191,-82.3056,Total,100,2024-04-08,17:57:20,19:12:56,19:15:16,20:27:58,19:14:06,No Files,NO,
945,41.4565013,-81.2047232,Total,100,2024-04-08,17:59:57,19:14:28,19:17:57,20:29:25,19:16:13,Good deployment,YES,YES
946,0,0,None,0,2024-04-08,NaN:NaN,0,0,NaN:NaN,19:50:44,No Files,NO,
947,0,0,None,0,2024-04-08,NaN:NaN,0,0,NaN:NaN,19:50:44,No Files,NO,
948,41.6651,-83.6749,Total,100,2024-04-08,17:56:34,19:12:28,19:13:25,20:26:42,19:12:56,1970s,NO,YES
949,42.881297,-76.9874377,Total,100,2024-04-08,18:07:34,19:21:20,19:23:45,20:33:55,19:22:33,No Files,NO,
950,0,0,None,0,2024-04-08,NaN:NaN,0,0,NaN:NaN,19:50:44,No Files,NO,
951,0,0,None,0,2024-04-08,NaN:NaN,0,0,NaN:NaN,19:50:44,No Files,NO,
952,29.5291458,-99.6894972,Total,100,2024-04-08,17:12:52,18:30:12,18:34:37,19:53:49,18:32:25,No Files,NO,
953,39.403308,-86.315939,Total,100,2024-04-08,17:49:43,19:05:18,19:09:20,20:22:45,19:07:19,7th - 9th,NO,YES
954,0,0,None,0,2024-04-08,NaN:NaN,0,0,NaN:NaN,19:50:44,No Files,NO,
955,0,0,None,0,2024-04-08,NaN:NaN,0,0,NaN:NaN,19:50:44,No Files,NO,
956,32.660075,-96.792436,Total,100,2024-04-08,17:22:59,18:40:21,18:44:23,20:02:27,18:42:22,No Files,NO,
957,42.4540743,-79.3371685,Total,100,2024-04-08,18:03:45,19:17:27,19:21:09,20:31:33,19:19:18,No Files,NO,
958,44.69318,-73.29719,Total,100,2024-04-08,18:14:10,19:25:50,19:29:22,20:37:09,19:27:36,No Files,NO,
959,41.67554,-81.21315,Total,100,2024-04-08,18:00:10,19:14:27,19:18:13,20:29:27,19:16:20,No Files,NO,
960,34.756604,-92.429643,Total,100,2024-04-08,17:33:14,18:51:01,18:54:02,20:11:15,18:52:32,Good deployment,YES,YES
961,33.21220014,-96.58427877,Total,100,2024-04-08,17:24:19,18:42:00,18:45:07,20:03:23,18:43:33,Good deployment,YES,YES
962,37.60759,-89.2466,Total,100,2024-04-08,17:42:41,18:58:59,19:03:08,20:17:57,19:01:04,Pease Lab,YES,NO
963,41.53953,-81.32313,Total,100,2024-04-08,17:59:52,19:14:15,19:17:57,20:29:18,19:16:06,1970s,NO,YES
964,0,0,None,0,2024-04-08,NaN:NaN,0,0,NaN:NaN,19:50:44,No Files,NO,
965,41.638538,-80.495206,Total,100,2024-04-08,18:01:12,19:15:43,19:18:52,20:30:13,19:17:17,No Files,NO,
966,0,0,None,0,2024-04-08,NaN:NaN,0,0,NaN:NaN,19:50:44,No Files,NO,
967,0,0,None,0,2024-04-08,NaN:NaN,0,0,NaN:NaN,19:50:44,No Files,NO,
968,0,0,None,0,2024-04-08,NaN:NaN,0,0,NaN:NaN,19:50:44,No Files,NO,